Loan_ID,Gender,Married,Education,Self_Employed,ApplicantIncome,CoapplicantIncome,LoanAmount,Loan_Amount_Term,Credit_History,Dependents_0,Dependents_1,Dependents_2,Dependents_3+,Property_Area_Rural,Property_Area_Semiurban,Property_Area_Urban,feature1,feature2,Loan_Status
LP001002,0.0,0.0,1.0,0.0,0.07220987654320987,0.0,0.1657142857142857,0.75,1.0,1.0,0.0,0.0,0.0,0.0,0.0,1.0,0.19391728880530384,0.24653786972131986,1
LP001003,0.0,1.0,1.0,0.0,0.05658024691358025,0.03619171046631627,0.18285714285714286,0.75,1.0,0.0,1.0,0.0,0.0,1.0,0.0,0.0,0.20547620350608364,0.23674273518305697,0
LP001005,0.0,1.0,1.0,1.0,0.037037037037037035,0.0,0.09428571428571429,0.75,1.0,1.0,0.0,0.0,0.0,0.0,0.0,1.0,0.2151111111111111,0.48066666666666663,1
LP001006,0.0,1.0,0.0,0.0,0.03188888888888889,0.05659154726762186,0.17142857142857143,0.75,1.0,1.0,0.0,0.0,0.0,0.0,0.0,1.0,0.2374687984888349,0.29184375632463067,1
LP001008,0.0,0.0,1.0,0.0,0.07407407407407407,0.0,0.20142857142857143,0.75,1.0,1.0,0.0,0.0,0.0,0.0,0.0,1.0,0.22977777777777778,0.24033333333333332,1
LP001011,0.0,1.0,1.0,1.0,0.06687654320987654,0.100703194374445,0.38142857142857145,0.75,1.0,0.0,0.0,1.0,0.0,0.0,0.0,1.0,0.27157668435105237,0.1500052012899199,1
LP001013,0.0,1.0,0.0,0.0,0.02880246913580247,0.03638370893032856,0.1357142857142857,0.75,1.0,1.0,0.0,0.0,0.0,0.0,0.0,1.0,0.24133252504257957,0.37464276435437777,1
LP001014,0.0,1.0,1.0,0.0,0.037481481481481484,0.060095519235846113,0.2257142857142857,0.75,0.0,0.0,0.0,0.0,1.0,0.0,1.0,0.0,0.2788608102687525,0.2602888086642599,0
LP001018,0.0,1.0,1.0,0.0,0.04945679012345679,0.03662370701034392,0.24,0.75,1.0,0.0,0.0,1.0,0.0,0.0,0.0,1.0,0.296939021450952,0.2606652205350687,1
LP001020,0.0,1.0,1.0,0.0,0.15853086419753087,0.2632298941608467,0.49857142857142855,0.75,1.0,0.0,1.0,0.0,0.0,0.0,1.0,0.0,0.14332581983470302,0.06056533243731362,0
LP001024,0.0,1.0,1.0,0.0,0.03950617283950617,0.01679986560107519,0.1,0.75,1.0,0.0,0.0,1.0,0.0,0.0,0.0,1.0,0.17549857549857548,0.3697435897435898,1
LP001027,0.0,1.0,1.0,0.0,0.030864197530864196,0.04415964672282622,0.15571428571428572,0.75,1.0,0.0,0.0,1.0,0.0,0.0,0.0,1.0,0.24557091653865845,0.33225806451612905,1
LP001028,0.0,1.0,1.0,0.0,0.03793827160493827,0.1945424436604507,0.2857142857142857,0.75,1.0,0.0,0.0,1.0,0.0,0.0,0.0,1.0,0.17493117054795201,0.1289918597370069,1
LP001029,0.0,0.0,1.0,0.0,0.022876543209876542,0.0681594547243622,0.16285714285714287,0.75,1.0,1.0,0.0,0.0,0.0,1.0,0.0,0.0,0.23751686909581646,0.3072661410611549,0
LP001030,0.0,1.0,1.0,0.0,0.016037037037037037,0.026063791489668083,0.024285714285714285,0.25,1.0,0.0,0.0,1.0,0.0,0.0,0.0,1.0,0.06969485208478919,0.20153738644304683,1
LP001032,0.0,0.0,1.0,0.0,0.06111111111111111,0.0,0.17857142857142858,0.75,1.0,1.0,0.0,0.0,0.0,0.0,0.0,1.0,0.24691358024691357,0.2913131313131313,1
LP001034,0.0,0.0,0.0,0.0,0.04439506172839506,0.0,0.14285714285714285,0.5,1.0,0.0,1.0,0.0,0.0,0.0,0.0,1.0,0.2719070572240761,0.26733407489803485,1
LP001036,1.0,0.0,1.0,0.0,0.043333333333333335,0.0,0.10857142857142857,0.75,0.0,1.0,0.0,0.0,0.0,0.0,0.0,1.0,0.21171256726812282,0.4108262108262108,0
LP001038,0.0,1.0,0.0,0.0,0.060333333333333336,0.0,0.19,0.75,1.0,1.0,0.0,0.0,0.0,1.0,0.0,0.0,0.26610281245026485,0.29506854921219566,0
LP001041,0.0,1.0,1.0,0.0,0.03209876543209877,0.08399932800537596,0.16428571428571428,0.75,1.0,1.0,0.0,0.0,0.0,0.0,0.0,1.0,0.18433515482695811,0.23639344262295084,1
LP001043,0.0,1.0,0.0,0.0,0.0945679012345679,0.0,0.14857142857142858,0.75,0.0,1.0,0.0,0.0,0.0,0.0,0.0,1.0,0.13275311865390194,0.18825065274151437,0
LP001046,0.0,1.0,1.0,0.0,0.07351851851851852,0.13499892000863994,0.45,0.75,1.0,0.0,1.0,0.0,0.0,0.0,0.0,1.0,0.2659758203799654,0.12452504317789291,1
LP001047,0.0,1.0,0.0,0.0,0.03209876543209877,0.045863633090935274,0.1657142857142857,0.75,0.0,1.0,0.0,0.0,0.0,0.0,1.0,0.0,0.2514347644030641,0.31966304588782973,0
LP001050,0.0,1.0,0.0,0.0,0.04154320987654321,0.04600763193894449,0.16,0.75,0.0,0.0,0.0,1.0,0.0,1.0,0.0,0.0,0.20732887374311076,0.27300265051117,0
LP001052,0.0,1.0,1.0,0.0,0.04588888888888889,0.07019943840449276,0.21571428571428572,0.75,1.0,0.0,1.0,0.0,0.0,0.0,1.0,0.0,0.2222891364716116,0.21710328214393257,0
LP001066,0.0,1.0,1.0,1.0,0.1180246913580247,0.0,0.27285714285714285,0.75,1.0,1.0,0.0,0.0,0.0,0.0,1.0,0.0,0.19535099953509996,0.15083682008368202,1
LP001068,0.0,1.0,1.0,0.0,0.034555555555555555,0.05407156742746058,0.1742857142857143,0.75,1.0,1.0,0.0,0.0,0.0,0.0,1.0,0.0,0.23612210785607457,0.2854315122723674,1
LP001073,0.0,1.0,0.0,0.0,0.05217283950617284,0.024959800321597427,0.15714285714285714,0.75,1.0,0.0,0.0,1.0,0.0,0.0,0.0,1.0,0.20424526311347427,0.2738321306494493,1
LP001086,0.0,0.0,0.0,0.0,0.017802469135802468,0.0,0.05,0.75,1.0,1.0,0.0,0.0,0.0,0.0,0.0,1.0,0.2373247033441208,1.0,0
LP001087,1.0,0.0,1.0,0.0,0.046296296296296294,0.049991600067199465,0.17142857142857143,0.75,1.0,0.0,0.0,1.0,0.0,0.0,1.0,0.0,0.2011543516772387,0.24721412652151553,1
LP001091,0.0,1.0,1.0,0.0,0.0514320987654321,0.08085535315717474,0.28714285714285714,0.75,1.0,0.0,1.0,0.0,0.0,0.0,0.0,1.0,0.2608272506082725,0.1913735899137359,0
LP001095,0.0,0.0,1.0,0.0,0.03909876543209877,0.0,0.10571428571428572,0.75,1.0,1.0,0.0,0.0,0.0,0.0,0.0,1.0,0.2284671788934498,0.45532049257972845,0
LP001097,0.0,0.0,1.0,1.0,0.05792592592592593,0.0,0.15142857142857144,0.75,1.0,0.0,1.0,0.0,0.0,1.0,0.0,0.0,0.22089608790376053,0.3073316283034953,0
LP001098,0.0,1.0,1.0,0.0,0.043209876543209874,0.04000767993856049,0.16285714285714287,0.75,1.0,1.0,0.0,0.0,0.0,0.0,1.0,0.0,0.21572801754725499,0.27907876911167023,1
LP001100,0.0,0.0,1.0,0.0,0.15432098765432098,0.07199942400460796,0.45714285714285713,0.75,1.0,0.0,0.0,0.0,1.0,1.0,0.0,0.0,0.20186379928315412,0.09303225806451614,0
LP001106,0.0,1.0,1.0,0.0,0.02808641975308642,0.04960760313917489,0.15714285714285714,0.75,1.0,1.0,0.0,0.0,0.0,0.0,0.0,1.0,0.24770970878755308,0.3321050207277752,1
LP001109,0.0,1.0,1.0,0.0,0.0225679012345679,0.03191974464204286,0.14285714285714285,0.75,0.0,1.0,0.0,0.0,0.0,0.0,0.0,1.0,0.30961930898599677,0.4566181127295757,0
LP001112,1.0,1.0,1.0,0.0,0.045271604938271606,0.03501571987424101,0.2057142857142857,0.75,1.0,1.0,0.0,0.0,0.0,0.0,1.0,0.0,0.27467811158798283,0.2813109637143972,1
LP001114,0.0,0.0,1.0,0.0,0.0514320987654321,0.17303861569107448,0.26285714285714284,0.75,1.0,1.0,0.0,0.0,0.0,0.0,0.0,1.0,0.15814971089232693,0.1267580872011252,1
LP001116,0.0,0.0,0.0,0.0,0.04627160493827161,0.04003167974656203,0.15714285714285714,0.75,1.0,1.0,0.0,0.0,0.0,0.0,1.0,0.0,0.19858854423108485,0.26624815361890697,1
LP001119,0.0,0.0,1.0,0.0,0.044444444444444446,0.0,0.11428571428571428,0.75,1.0,1.0,0.0,0.0,0.0,0.0,0.0,1.0,0.21728395061728395,0.40055555555555555,0
LP001120,0.0,0.0,1.0,0.0,0.022222222222222223,0.029111767105863152,0.06714285714285714,0.75,1.0,1.0,0.0,0.0,0.0,0.0,0.0,1.0,0.15252424678246118,0.4785927646863591,1
LP001123,0.0,1.0,1.0,0.0,0.02962962962962963,0.0,0.10714285714285714,0.75,1.0,1.0,0.0,0.0,0.0,0.0,0.0,1.0,0.3055555555555555,0.6008333333333333,1
LP001131,0.0,1.0,1.0,0.0,0.04865432098765432,0.056063551491588065,0.19142857142857142,0.75,1.0,1.0,0.0,0.0,0.0,0.0,1.0,0.0,0.20873382542969923,0.22972757686793055,1
LP001136,0.0,1.0,0.0,1.0,0.057962962962962966,0.0,0.13714285714285715,0.75,1.0,1.0,0.0,0.0,0.0,0.0,0.0,1.0,0.19992900248491302,0.30713525026624067,1
LP001137,1.0,0.0,1.0,0.0,0.04209876543209876,0.0,0.12571428571428572,0.75,1.0,1.0,0.0,0.0,0.0,0.0,0.0,1.0,0.2523297491039426,0.42287390029325517,1
LP001138,0.0,1.0,1.0,0.0,0.06974074074074074,0.0,0.06285714285714286,0.75,1.0,0.0,1.0,0.0,0.0,0.0,0.0,1.0,0.07615900552703526,0.2552664188351921,1
LP001144,0.0,1.0,1.0,0.0,0.07186419753086419,0.0,0.2057142857142857,0.75,1.0,1.0,0.0,0.0,0.0,0.0,0.0,1.0,0.24188283800034355,0.24772375880432915,1
LP001146,1.0,1.0,1.0,0.0,0.03265432098765432,0.0825593395252838,0.17142857142857143,0.75,0.0,1.0,0.0,0.0,0.0,0.0,0.0,1.0,0.19282388386743357,0.2369761709120789,0
LP001151,1.0,0.0,1.0,0.0,0.04938271604938271,0.05459956320349437,0.2057142857142857,0.75,1.0,1.0,0.0,0.0,0.0,0.0,1.0,0.0,0.22438247011952192,0.229800796812749,1
LP001155,1.0,1.0,0.0,0.0,0.02380246913580247,0.039455684354525164,0.14285714285714285,0.75,1.0,1.0,0.0,0.0,0.0,0.0,1.0,0.0,0.2737339803409232,0.40369540873460247,1
LP001157,1.0,0.0,1.0,0.0,0.038098765432098766,0.0,0.17142857142857143,0.75,1.0,1.0,0.0,0.0,0.0,0.0,1.0,0.0,0.3802117087923957,0.46727154893065453,1
LP001164,1.0,0.0,1.0,0.0,0.052222222222222225,0.0,0.16,0.75,1.0,1.0,0.0,0.0,0.0,0.0,1.0,0.0,0.2588915156291043,0.3408983451536643,0
LP001179,0.0,1.0,1.0,0.0,0.05698765432098765,0.0,0.19142857142857142,0.75,1.0,0.0,0.0,1.0,0.0,0.0,0.0,1.0,0.28384363566339305,0.3123916811091854,0
LP001186,1.0,1.0,1.0,1.0,0.1419753086419753,0.0,0.4085714285714286,0.75,0.0,0.0,1.0,0.0,0.0,0.0,0.0,1.0,0.24316908212560387,0.1253913043478261,0
LP001194,0.0,1.0,1.0,0.0,0.0334320987654321,0.0280077759377925,0.13857142857142857,0.75,1.0,0.0,0.0,1.0,0.0,0.0,1.0,0.0,0.24475985663082436,0.37212903225806454,1
LP001195,0.0,1.0,1.0,0.0,0.026320987654320987,0.038183694530443756,0.13714285714285715,0.75,1.0,1.0,0.0,0.0,0.0,0.0,1.0,0.0,0.25212642134479357,0.3873220521085146,1
LP001197,0.0,1.0,1.0,0.0,0.041555555555555554,0.05279957760337917,0.19285714285714287,0.75,1.0,1.0,0.0,0.0,0.0,1.0,0.0,0.0,0.23715415019762845,0.2590729428674093,0
LP001198,0.0,1.0,1.0,0.0,0.09975308641975308,0.05399956800345597,0.2571428571428571,0.75,1.0,0.0,1.0,0.0,0.0,0.0,0.0,1.0,0.17037754114230397,0.13959341723136498,1
LP001199,0.0,1.0,0.0,0.0,0.041444444444444443,0.06861545107639139,0.2057142857142857,0.75,1.0,0.0,0.0,1.0,0.0,0.0,0.0,1.0,0.2265122265122265,0.231981981981982,1
LP001205,0.0,1.0,1.0,0.0,0.030864197530864196,0.09110327117383062,0.17142857142857143,0.75,1.0,1.0,0.0,0.0,0.0,0.0,0.0,1.0,0.1863617111393477,0.22903430749682338,1
LP001206,0.0,1.0,1.0,0.0,0.03739506172839506,0.0,0.14142857142857143,0.75,1.0,0.0,0.0,0.0,1.0,0.0,0.0,1.0,0.31957741828986463,0.4760647078243645,1
LP001207,0.0,1.0,0.0,1.0,0.03220987654320988,0.08277533779729762,0.2357142857142857,0.375,0.0,1.0,0.0,0.0,0.0,1.0,0.0,0.0,0.26631451524155386,0.11901617695609112,0
LP001213,0.0,1.0,1.0,0.0,0.061049382716049386,0.0,0.17857142857142858,0.75,0.0,0.0,1.0,0.0,0.0,1.0,0.0,0.0,0.24716324008538365,0.2916076845298281,0
LP001222,1.0,0.0,1.0,0.0,0.0514320987654321,0.0,0.1657142857142857,0.75,0.0,1.0,0.0,0.0,0.0,0.0,1.0,0.0,0.27225689443644313,0.3461353816610658,0
LP001225,0.0,1.0,1.0,0.0,0.07069135802469136,0.11027911776705786,0.36857142857142855,0.75,1.0,1.0,0.0,0.0,0.0,0.0,1.0,0.0,0.2444207602622485,0.13971514388140685,0
LP001228,0.0,0.0,0.0,0.0,0.03950617283950617,0.05409556723546212,0.18,0.375,0.0,1.0,0.0,0.0,0.0,0.0,0.0,1.0,0.22588925559222586,0.13219655298863217,0
LP001233,0.0,1.0,1.0,0.0,0.13271604938271606,0.0,0.44571428571428573,0.75,1.0,0.0,1.0,0.0,0.0,0.0,0.0,1.0,0.2837829457364341,0.13413953488372093,1
LP001238,0.0,1.0,0.0,1.0,0.08765432098765433,0.0,0.17857142857142858,0.125,1.0,0.0,0.0,0.0,1.0,0.0,0.0,1.0,0.17214397496087636,0.03384976525821596,1
LP001241,1.0,0.0,1.0,0.0,0.05308641975308642,0.0,0.19428571428571428,0.75,0.0,1.0,0.0,0.0,0.0,0.0,1.0,0.0,0.309250645994832,0.3353488372093023,0
LP001243,0.0,1.0,1.0,0.0,0.03960493827160494,0.07358341133270933,0.24571428571428572,0.75,1.0,1.0,0.0,0.0,0.0,0.0,0.0,1.0,0.2680551128112492,0.22983742429072362,1
LP001245,0.0,1.0,0.0,1.0,0.023148148148148147,0.044999640002879975,0.13857142857142857,0.75,1.0,0.0,0.0,1.0,0.0,0.0,1.0,0.0,0.2529185185185185,0.38453333333333334,1
LP001248,0.0,0.0,1.0,0.0,0.043209876543209874,0.0,0.11571428571428571,0.625,1.0,1.0,0.0,0.0,0.0,0.0,1.0,0.0,0.22628571428571426,0.3433333333333333,1
LP001250,0.0,1.0,0.0,0.0,0.0587037037037037,0.0,0.1357142857142857,0.75,0.0,0.0,0.0,0.0,1.0,0.0,1.0,0.0,0.19534992405654866,0.3032597266035752,0
LP001253,0.0,1.0,1.0,1.0,0.06501234567901235,0.042575659394724845,0.2671428571428571,0.75,1.0,0.0,0.0,0.0,1.0,0.0,1.0,0.0,0.2597222222222222,0.20482954545454546,1
LP001255,0.0,0.0,1.0,0.0,0.046296296296296294,0.0,0.16142857142857142,1.0,1.0,1.0,0.0,0.0,0.0,0.0,0.0,1.0,0.29463703703703703,0.5127111111111111,0
LP001256,0.0,0.0,1.0,0.0,0.046296296296296294,0.11399908800729594,0.25142857142857145,0.75,1.0,1.0,0.0,0.0,0.0,0.0,0.0,1.0,0.20245751633986928,0.1696470588235294,0
LP001259,0.0,1.0,1.0,1.0,0.012345679012345678,0.07252741978064176,0.15714285714285714,0.75,1.0,0.0,1.0,0.0,0.0,0.0,0.0,1.0,0.26741808939720424,0.3585280954748881,0
LP001263,0.0,1.0,1.0,0.0,0.03909876543209877,0.09599923200614395,0.2571428571428571,0.625,0.0,0.0,0.0,0.0,1.0,0.0,1.0,0.0,0.24556997348960513,0.167666620157202,0
LP001264,0.0,1.0,0.0,1.0,0.04114814814814815,0.05198358413132695,0.18571428571428572,0.75,1.0,0.0,0.0,0.0,1.0,0.0,1.0,0.0,0.23115313895455739,0.2622294962720495,1
LP001265,1.0,0.0,1.0,0.0,0.04748148148148148,0.0,0.15857142857142856,0.75,1.0,1.0,0.0,0.0,0.0,0.0,1.0,0.0,0.28219795458485003,0.374934997399896,1
LP001266,0.0,1.0,1.0,1.0,0.0295679012345679,0.0,0.06571428571428571,0.75,1.0,0.0,1.0,0.0,0.0,0.0,1.0,0.0,0.1877986546045001,0.6020876826722338,1
LP001267,1.0,1.0,1.0,0.0,0.017012345679012345,0.04514363885088919,0.23857142857142857,0.75,1.0,0.0,0.0,1.0,0.0,0.0,0.0,1.0,0.5010398554430465,0.4424670144216017,0
LP001273,0.0,1.0,1.0,0.0,0.07407407407407407,0.05399956800345597,0.37857142857142856,0.75,1.0,1.0,0.0,0.0,0.0,0.0,1.0,0.0,0.31407407407407406,0.1747878787878788,0
LP001275,0.0,1.0,1.0,0.0,0.049234567901234566,0.0,0.07142857142857142,0.5,1.0,0.0,1.0,0.0,0.0,0.0,0.0,1.0,0.12258999219881868,0.2410565028418589,1
LP001279,0.0,0.0,1.0,0.0,0.029209876543209876,0.06074351405188758,0.19428571428571428,0.75,1.0,1.0,0.0,0.0,0.0,0.0,1.0,0.0,0.27154947473509855,0.2944659995915867,1
LP001280,0.0,1.0,0.0,0.0,0.04114814814814815,0.047999616003071975,0.14142857142857143,0.75,1.0,0.0,0.0,1.0,0.0,0.0,1.0,0.0,0.1815113444590287,0.2703918994937184,1
LP001282,0.0,1.0,1.0,0.0,0.030864197530864196,0.05083159334725322,0.14857142857142858,0.75,1.0,1.0,0.0,0.0,0.0,0.0,1.0,0.0,0.22020114527693566,0.31225638804677347,1
LP001289,0.0,0.0,1.0,0.0,0.10575308641975309,0.0,0.3,0.75,1.0,1.0,0.0,0.0,0.0,0.0,0.0,1.0,0.23970737022336366,0.16833994863413496,1
LP001310,0.0,1.0,1.0,0.0,0.07030864197530864,0.10000719994240045,0.25,0.75,1.0,1.0,0.0,0.0,0.0,0.0,1.0,0.0,0.1735054868293562,0.14621780571892112,1
LP001316,0.0,1.0,1.0,0.0,0.03651851851851852,0.06959944320445437,0.18714285714285714,0.75,1.0,1.0,0.0,0.0,0.0,0.0,1.0,0.0,0.21865634839346004,0.24615909866848754,1
LP001318,0.0,1.0,1.0,0.0,0.07716049382716049,0.13569491444068446,0.26857142857142857,0.375,1.0,0.0,0.0,1.0,0.0,0.0,1.0,0.0,0.1544205495818399,0.06056787634408602,1
LP001319,0.0,1.0,0.0,0.0,0.040407407407407406,0.0436796505627955,0.11571428571428571,0.75,1.0,0.0,0.0,1.0,0.0,0.0,0.0,1.0,0.15550755939524838,0.2831337129393285,1
LP001322,0.0,0.0,1.0,0.0,0.05102469135802469,0.0,0.1742857142857143,0.75,1.0,1.0,0.0,0.0,0.0,0.0,1.0,0.0,0.2886254267817297,0.3488991047665134,1
LP001325,0.0,0.0,0.0,0.0,0.04469135802469136,0.0,0.03571428571428571,0.25,1.0,1.0,0.0,0.0,0.0,0.0,1.0,0.0,0.06752608962553713,0.13278084714548802,1
LP001326,0.0,0.0,1.0,0.0,0.0837283950617284,0.0,0.18571428571428572,0.75,1.0,1.0,0.0,0.0,0.0,0.0,0.0,1.0,0.1874242275303909,0.21262164553229135,0
LP001327,1.0,1.0,1.0,0.0,0.030666666666666665,0.05524755801953584,0.1957142857142857,0.75,1.0,1.0,0.0,0.0,0.0,0.0,1.0,0.0,0.27989042113571994,0.30129544504805683,1
LP001333,0.0,1.0,1.0,0.0,0.02440740740740741,0.02392780857753138,0.07142857142857142,0.75,1.0,1.0,0.0,0.0,0.0,0.0,1.0,0.0,0.164387655981469,0.48486886348352387,1
LP001334,0.0,1.0,0.0,0.0,0.0517037037037037,0.0,0.16428571428571428,0.375,1.0,1.0,0.0,0.0,0.0,0.0,1.0,0.0,0.2684919876896954,0.1721585482330468,1
LP001343,0.0,1.0,1.0,0.0,0.02171604938271605,0.08498332013343893,0.18714285714285714,0.75,1.0,1.0,0.0,0.0,0.0,0.0,1.0,0.0,0.24167714884696015,0.2720754716981132,1
LP001345,0.0,1.0,0.0,0.0,0.05293827160493827,0.07831137350901193,0.19,0.375,1.0,0.0,0.0,1.0,0.0,0.0,0.0,1.0,0.172221486484498,0.09548404184876175,1
LP001349,0.0,0.0,1.0,0.0,0.05979012345679012,0.09134326925384596,0.21571428571428572,0.75,1.0,1.0,0.0,0.0,0.0,0.0,1.0,0.0,0.17070695391888593,0.16672447681812927,1
LP001350,0.0,1.0,1.0,0.0,0.1685185185185185,0.0,0.5571428571428572,0.75,1.0,0.0,0.0,0.0,1.0,0.0,0.0,1.0,0.2793650793650793,0.10564102564102563,1
LP001356,0.0,1.0,1.0,0.0,0.0574320987654321,0.08599131206950344,0.38142857142857145,0.75,1.0,1.0,0.0,0.0,0.0,0.0,1.0,0.0,0.3170208459825946,0.17510625379477837,1
LP001357,0.0,1.0,1.0,0.0,0.04711111111111111,0.018095855233158136,0.22857142857142856,0.75,1.0,1.0,0.0,0.0,0.0,0.0,0.0,1.0,0.3423292000972526,0.31553610503282276,1
LP001367,0.0,1.0,1.0,0.0,0.03767901234567901,0.024719802241582066,0.14285714285714285,0.75,1.0,0.0,1.0,0.0,0.0,0.0,0.0,1.0,0.23953399749578091,0.35325820676139147,1
LP001369,0.0,1.0,1.0,0.0,0.1409506172839506,0.027023783809729522,0.32142857142857145,0.75,1.0,0.0,0.0,1.0,0.0,0.0,0.0,1.0,0.17539663557362672,0.11496452204416807,1
LP001370,0.0,0.0,0.0,0.0,0.09053086419753087,0.0,0.17142857142857143,0.75,1.0,1.0,0.0,0.0,0.0,1.0,0.0,0.0,0.16000727305786627,0.1966453020591845,0
LP001379,0.0,1.0,1.0,0.0,0.04691358024691358,0.08639930880552955,0.30857142857142855,0.75,0.0,0.0,0.0,1.0,0.0,0.0,0.0,1.0,0.2854054054054054,0.19486486486486487,0
LP001384,0.0,1.0,0.0,0.0,0.0255679012345679,0.018095855233158136,0.13428571428571429,1.0,1.0,0.0,0.0,0.0,1.0,0.0,1.0,0.0,0.32534906588003926,0.680589970501475,1
LP001385,0.0,0.0,1.0,0.0,0.06562962962962963,0.0,0.19428571428571428,0.75,1.0,1.0,0.0,0.0,0.0,0.0,0.0,1.0,0.25014630883705374,0.27125658389766744,1
LP001387,1.0,1.0,1.0,0.0,0.036160493827160495,0.05599155206758346,0.19857142857142857,0.75,1.0,1.0,0.0,0.0,0.0,0.0,1.0,0.0,0.25828793445669157,0.27404028886355,1
LP001391,0.0,1.0,0.0,0.0,0.044098765432098765,0.09873521011831905,0.21714285714285714,0.75,0.0,1.0,0.0,0.0,0.0,1.0,0.0,0.0,0.19336745019805127,0.1876138433515483,0
LP001392,1.0,0.0,1.0,1.0,0.09198765432098766,0.0,0.27714285714285714,0.75,1.0,0.0,1.0,0.0,0.0,0.0,1.0,0.0,0.2545817861882819,0.19353106965507988,1
LP001398,0.0,0.0,1.0,0.0,0.06234567901234568,0.0,0.16857142857142857,0.75,1.0,1.0,0.0,0.0,0.0,0.0,1.0,0.0,0.22847084708470847,0.2855445544554455,1
LP001401,0.0,1.0,1.0,0.0,0.18003703703703702,0.0,0.2642857142857143,0.375,1.0,0.0,1.0,0.0,0.0,1.0,0.0,0.0,0.12404093045936287,0.04944113008297332,1
LP001404,1.0,1.0,1.0,0.0,0.03909876543209877,0.05479156166750666,0.22,0.75,1.0,1.0,0.0,0.0,0.0,0.0,1.0,0.0,0.276289500509684,0.2645871559633028,1
LP001405,0.0,1.0,1.0,0.0,0.027333333333333334,0.03355173158614731,0.12142857142857143,0.75,1.0,0.0,1.0,0.0,0.0,0.0,0.0,1.0,0.23009720684139287,0.3992248062015504,1
LP001421,0.0,1.0,1.0,0.0,0.06874074074074074,0.051407588739290085,0.25,0.75,1.0,1.0,0.0,0.0,0.0,1.0,0.0,0.0,0.22193399625306237,0.18702983138780804,0
LP001422,1.0,0.0,1.0,0.0,0.12849382716049382,0.0,0.37,0.75,1.0,1.0,0.0,0.0,0.0,0.0,0.0,1.0,0.24331710649927404,0.13854727132974634,1
LP001426,0.0,1.0,1.0,0.0,0.06996296296296296,0.06400748794009647,0.2571428571428571,0.75,1.0,1.0,0.0,0.0,0.0,1.0,0.0,0.0,0.21118310535157184,0.1730261579073674,1
LP001430,1.0,0.0,1.0,0.0,0.0514320987654321,0.0,0.06285714285714286,0.75,1.0,1.0,0.0,0.0,0.0,0.0,1.0,0.0,0.10326985651037499,0.3461353816610658,1
LP001431,1.0,0.0,1.0,0.0,0.026382716049382717,0.21551827585379316,0.1957142857142857,0.75,0.0,1.0,0.0,0.0,0.0,0.0,1.0,0.0,0.12049613704736489,0.12971125303589098,1
LP001432,0.0,1.0,1.0,0.0,0.036506172839506176,0.0,0.11571428571428571,0.75,1.0,0.0,0.0,1.0,0.0,0.0,1.0,0.0,0.2678390260399053,0.4876564085221508,1
LP001439,0.0,1.0,0.0,0.0,0.05308641975308642,0.04833561331509348,0.27714285714285714,0.75,1.0,1.0,0.0,0.0,0.0,1.0,0.0,0.0,0.30042586140147115,0.22838137472283815,1
LP001443,1.0,0.0,1.0,0.0,0.045580246913580244,0.0,0.13285714285714287,0.75,1.0,1.0,0.0,0.0,0.0,1.0,0.0,0.0,0.24629830263633076,0.3905742145178765,1
LP001448,0.0,1.0,1.0,0.0,0.2938641975308642,0.0,0.5285714285714286,0.75,1.0,0.0,0.0,0.0,1.0,1.0,0.0,0.0,0.1519883114640078,0.060580599084149055,1
LP001449,0.0,0.0,1.0,0.0,0.04771604938271605,0.03935968512251902,0.15571428571428572,0.75,1.0,1.0,0.0,0.0,0.0,1.0,0.0,0.0,0.19360177616308405,0.26194368755676656,1
LP001451,0.0,1.0,1.0,1.0,0.1297901234567901,0.09239926080591356,0.22857142857142856,0.375,0.0,0.0,1.0,0.0,0.0,0.0,0.0,1.0,0.10892184393542048,0.050198426512567014,0
LP001465,0.0,1.0,1.0,0.0,0.07506172839506173,0.06165550675594595,0.26,0.75,1.0,1.0,0.0,0.0,0.0,1.0,0.0,0.0,0.20575275240554464,0.16672447681812927,0
LP001469,0.0,0.0,1.0,1.0,0.24896296296296297,0.0,0.9285714285714286,1.0,1.0,1.0,0.0,0.0,0.0,0.0,0.0,1.0,0.3151619337278367,0.09534199477668684,1
LP001473,0.0,0.0,1.0,0.0,0.024864197530864197,0.04629562963496292,0.10571428571428572,0.75,1.0,1.0,0.0,0.0,0.0,0.0,0.0,1.0,0.183503818299659,0.3657113872685772,1
LP001478,0.0,0.0,1.0,0.0,0.033555555555555554,0.0,0.1,0.75,1.0,1.0,0.0,0.0,0.0,0.0,1.0,0.0,0.25181914806638866,0.5305371596762326,1
LP001482,0.0,1.0,1.0,1.0,0.0427037037037037,0.0,0.03571428571428571,0.25,1.0,1.0,0.0,0.0,0.0,0.0,1.0,0.0,0.07066910796312356,0.13896116411294207,1
LP001487,0.0,0.0,1.0,0.0,0.060432098765432096,0.0,0.1457142857142857,0.75,1.0,1.0,0.0,0.0,0.0,0.0,1.0,0.0,0.2037453183520599,0.29458631256384066,1
LP001488,0.0,1.0,1.0,0.0,0.04938271604938271,0.1859985120119039,0.4142857142857143,0.75,1.0,0.0,0.0,0.0,1.0,0.0,1.0,0.0,0.24132387706855793,0.12272340425531915,0
LP001489,1.0,1.0,1.0,0.0,0.05658024691358025,0.0,0.12,0.75,1.0,1.0,0.0,0.0,0.0,1.0,0.0,0.0,0.17921303367517635,0.31464106480471304,0
LP001491,0.0,1.0,1.0,1.0,0.04093827160493827,0.08399932800537596,0.12571428571428572,0.75,1.0,0.0,0.0,1.0,0.0,0.0,0.0,1.0,0.12623891497130935,0.21156103286384975,1
LP001492,0.0,0.0,1.0,0.0,0.18517283950617283,0.0,0.3457142857142857,0.75,0.0,1.0,0.0,0.0,0.0,0.0,1.0,0.0,0.15775866539250763,0.09613974264950997,0
LP001493,0.0,1.0,0.0,0.0,0.05185185185185185,0.03431972544219646,0.18428571428571427,0.75,1.0,0.0,0.0,1.0,0.0,1.0,0.0,0.0,0.2240378922439313,0.2561278863232682,0
LP001497,0.0,1.0,1.0,0.0,0.062246913580246914,0.049991600067199465,0.2642857142857143,0.75,1.0,0.0,0.0,1.0,0.0,1.0,0.0,0.0,0.2538791423001949,0.2023859649122807,0
LP001498,0.0,0.0,1.0,0.0,0.06687654320987654,0.0,0.24,0.75,1.0,1.0,0.0,0.0,0.0,0.0,0.0,1.0,0.3032428773613931,0.26619900313826844,1
LP001504,0.0,0.0,1.0,1.0,0.08580246913580247,0.0,0.25,0.375,1.0,1.0,0.0,0.0,0.0,0.0,1.0,0.0,0.24620303756994402,0.1037410071942446,1
LP001507,0.0,1.0,1.0,0.0,0.03330864197530864,0.0488156094751242,0.1742857142857143,0.75,1.0,1.0,0.0,0.0,0.0,0.0,1.0,0.0,0.25208979055132896,0.3047337278106509,1
LP001508,0.0,1.0,1.0,0.0,0.14514814814814814,0.0,0.2671428571428571,0.375,1.0,0.0,0.0,1.0,0.0,0.0,0.0,1.0,0.15551964314403713,0.061325167985030196,1
LP001514,1.0,1.0,1.0,0.0,0.028765432098765434,0.10766313869489044,0.14285714285714285,0.75,1.0,1.0,0.0,0.0,0.0,0.0,1.0,0.0,0.14345331246739695,0.21156103286384975,1
LP001516,1.0,1.0,1.0,0.0,0.18353086419753087,0.0,0.1,0.75,1.0,0.0,0.0,1.0,0.0,0.0,0.0,1.0,0.04604092859171562,0.09699986546481905,1
LP001518,0.0,1.0,1.0,0.0,0.018987654320987653,0.03419972640218878,0.04285714285714286,0.75,1.0,0.0,1.0,0.0,0.0,0.0,0.0,1.0,0.09899876251546855,0.486668916638542,1
LP001519,1.0,0.0,1.0,0.0,0.12345679012345678,0.03998368013055895,0.32142857142857145,0.75,1.0,1.0,0.0,0.0,0.0,1.0,0.0,0.0,0.18858220469741127,0.12360706326075777,0
LP001520,0.0,1.0,1.0,0.0,0.06,0.01991984064127487,0.17857142857142858,0.75,1.0,1.0,0.0,0.0,0.0,0.0,1.0,0.0,0.21480179652411638,0.25342706502636203,1
LP001528,0.0,0.0,1.0,0.0,0.07749382716049383,0.0,0.16857142857142857,0.75,0.0,1.0,0.0,0.0,0.0,1.0,0.0,0.0,0.18381038358734708,0.22972757686793055,0
LP001529,0.0,1.0,1.0,1.0,0.03181481481481482,0.08999928000575995,0.21714285714285714,0.75,1.0,1.0,0.0,0.0,0.0,1.0,0.0,0.0,0.23490156823490155,0.22791212264896477,1
LP001531,0.0,0.0,1.0,0.0,0.1131604938271605,0.0,0.3485714285714286,0.75,1.0,1.0,0.0,0.0,0.0,0.0,0.0,1.0,0.26028559652823235,0.15732053240235652,0
LP001532,0.0,1.0,0.0,0.0,0.028160493827160495,0.0,0.16142857142857142,0.75,1.0,0.0,0.0,1.0,0.0,1.0,0.0,0.0,0.48438793901310334,0.6321788689171416,0
LP001535,0.0,0.0,1.0,0.0,0.04017283950617284,0.0,0.07142857142857142,0.75,1.0,1.0,0.0,0.0,0.0,0.0,0.0,1.0,0.15024243665915454,0.44314689612784264,1
LP001536,0.0,1.0,1.0,0.0,0.4938148148148148,0.0,0.8571428571428571,0.375,0.0,0.0,0.0,0.0,1.0,0.0,1.0,0.0,0.1466703334250023,0.018025450636265906,1
LP001541,0.0,1.0,1.0,0.0,0.07407407407407407,0.0,0.22857142857142856,0.75,1.0,0.0,1.0,0.0,0.0,1.0,0.0,0.0,0.2607407407407407,0.24033333333333332,1
LP001543,0.0,1.0,1.0,0.0,0.11775308641975309,0.0,0.2671428571428571,0.75,1.0,0.0,1.0,0.0,0.0,0.0,0.0,1.0,0.19170103212879475,0.15118473474522962,1
LP001546,0.0,0.0,1.0,0.0,0.03679012345679012,0.049991600067199465,0.17142857142857143,0.75,1.0,1.0,0.0,0.0,0.0,1.0,0.0,0.0,0.2317466587662124,0.2848113766541576,1
LP001552,0.0,1.0,1.0,0.0,0.05658024691358025,0.13499892000863994,0.36428571428571427,0.75,1.0,1.0,0.0,0.0,0.0,0.0,1.0,0.0,0.24425287356321837,0.1412617554858934,1
LP001560,0.0,1.0,0.0,0.0,0.023,0.024983800129598964,0.14,0.75,1.0,1.0,0.0,0.0,0.0,0.0,1.0,0.0,0.32996632996632996,0.4965564738292011,1
LP001562,0.0,1.0,1.0,0.0,0.09793827160493827,0.0,0.39285714285714285,0.75,1.0,1.0,0.0,0.0,0.0,0.0,0.0,1.0,0.3389498158185918,0.18177234337577208,0
LP001565,0.0,1.0,1.0,0.0,0.0381358024691358,0.030719754241966064,0.17285714285714285,0.75,0.0,0.0,1.0,0.0,0.0,0.0,1.0,0.0,0.27079677526003915,0.3300526436255436,0
LP001570,0.0,1.0,1.0,0.0,0.051444444444444445,0.03472772217822257,0.2257142857142857,0.75,1.0,0.0,0.0,1.0,0.0,1.0,0.0,0.0,0.27518505323991604,0.256857855361596,1
LP001572,0.0,1.0,1.0,0.0,0.11509876543209877,0.0,0.10714285714285714,0.375,1.0,1.0,0.0,0.0,0.0,0.0,0.0,1.0,0.07865851478422538,0.07733562158103614,1
LP001574,0.0,1.0,1.0,0.0,0.045765432098765435,0.07598339213286294,0.26,0.75,1.0,1.0,0.0,0.0,0.0,1.0,0.0,0.0,0.2589197665583523,0.20980648916048303,1
LP001577,1.0,1.0,1.0,0.0,0.05658024691358025,0.0,0.16,0.75,1.0,1.0,0.0,0.0,0.0,1.0,0.0,0.0,0.2389507115669018,0.31464106480471304,0
LP001578,0.0,1.0,1.0,0.0,0.030111111111111113,0.07999136006911944,0.18428571428571427,0.75,1.0,1.0,0.0,0.0,0.0,1.0,0.0,0.0,0.21852621852621854,0.24982674982674985,1
LP001579,0.0,0.0,1.0,0.0,0.027617283950617282,0.0,0.09,1.0,0.0,1.0,0.0,0.0,0.0,0.0,1.0,0.0,0.2753687974966473,0.8594844285501416,0
LP001580,0.0,1.0,1.0,0.0,0.09876543209876543,0.0,0.2857142857142857,0.75,1.0,0.0,0.0,1.0,0.0,0.0,1.0,0.0,0.24444444444444444,0.18025,1
LP001581,0.0,1.0,0.0,0.0,0.022469135802469137,0.042455660354717165,0.1357142857142857,0.75,1.0,1.0,0.0,0.0,0.0,1.0,0.0,0.0,0.2588155165474753,0.4017832265254946,1
LP001585,0.0,1.0,1.0,0.0,0.6390493827160494,0.0,1.0,0.625,1.0,0.0,0.0,0.0,1.0,0.0,0.0,1.0,0.13222657968905288,0.023214780184043944,1
LP001586,0.0,1.0,0.0,0.0,0.04348148148148148,0.0,0.11571428571428571,0.375,1.0,0.0,0.0,0.0,1.0,1.0,0.0,0.0,0.22487223168654172,0.20471323111868256,0
LP001594,0.0,1.0,1.0,0.0,0.07046913580246913,0.13499892000863994,0.2671428571428571,0.75,1.0,1.0,0.0,0.0,0.0,0.0,1.0,0.0,0.16133807857093835,0.1272390364422483,1
LP001603,0.0,1.0,0.0,1.0,0.05362962962962963,0.017663858689130486,0.12428571428571429,0.75,1.0,1.0,0.0,0.0,0.0,0.0,1.0,0.0,0.16745406824146983,0.28385826771653544,0
LP001606,0.0,1.0,1.0,0.0,0.04317283950617284,0.04713562291501668,0.1657142857142857,0.75,1.0,1.0,0.0,0.0,0.0,1.0,0.0,0.0,0.20769496836151294,0.2640542025270097,1
LP001608,0.0,1.0,1.0,0.0,0.025246913580246912,0.03885568915448676,0.1442857142857143,0.75,1.0,0.0,0.0,1.0,0.0,1.0,0.0,0.0,0.2695293546821931,0.39355895196506546,1
LP001610,0.0,1.0,1.0,0.0,0.06809876543209877,0.2711978304173567,0.7071428571428572,0.75,0.0,0.0,0.0,0.0,1.0,0.0,1.0,0.0,0.28782112274024735,0.08575166508087535,0
LP001616,0.0,1.0,1.0,0.0,0.046296296296296294,0.0,0.1657142857142857,0.75,1.0,0.0,1.0,0.0,0.0,0.0,1.0,0.0,0.30245925925925926,0.38453333333333334,1
LP001630,0.0,0.0,0.0,0.0,0.02880246913580247,0.03482372141022872,0.1457142857142857,1.0,0.0,1.0,0.0,0.0,0.0,0.0,0.0,1.0,0.2635658914728682,0.5081042988019732,0
LP001633,0.0,1.0,1.0,0.0,0.07901234567901234,0.17399860801113592,0.2571428571428571,0.75,0.0,0.0,1.0,0.0,0.0,0.0,0.0,1.0,0.12893772893772892,0.10564102564102563,0
LP001634,0.0,0.0,1.0,0.0,0.023654320987654322,0.1215110279117767,0.09571428571428571,0.75,0.0,1.0,0.0,0.0,0.0,1.0,0.0,0.0,0.09386890831223829,0.2066198595787362,0
LP001636,0.0,1.0,1.0,0.0,0.056790123456790124,0.0,0.10428571428571429,0.375,1.0,1.0,0.0,0.0,0.0,0.0,1.0,0.0,0.15516908212560387,0.15673913043478263,1
LP001637,0.0,1.0,1.0,0.0,0.41785185185185186,0.0,0.37142857142857144,0.75,1.0,0.0,1.0,0.0,0.0,0.0,1.0,0.0,0.07511145252680441,0.04260473911245052,0
LP001639,1.0,1.0,1.0,0.0,0.044753086419753084,0.0,0.15428571428571428,0.75,1.0,1.0,0.0,0.0,0.0,0.0,1.0,0.0,0.29131034482758617,0.39779310344827584,1
LP001640,0.0,1.0,1.0,1.0,0.4832962962962963,0.11399908800729594,0.17142857142857143,0.75,1.0,1.0,0.0,0.0,0.0,0.0,1.0,0.0,0.026729237381445958,0.03284962525912933,1
LP001641,0.0,1.0,1.0,1.0,0.02688888888888889,0.0,0.09428571428571429,0.625,0.0,0.0,1.0,0.0,0.0,1.0,0.0,0.0,0.2962962962962963,0.551729415365779,0
LP001643,0.0,1.0,1.0,0.0,0.029419753086419753,0.05131158950728394,0.08285714285714285,0.75,0.0,1.0,0.0,0.0,0.0,1.0,0.0,0.0,0.12543930792105973,0.31895598318955987,1
LP001644,0.0,1.0,1.0,1.0,0.008320987654320988,0.12710298317613458,0.24,0.75,1.0,1.0,0.0,0.0,0.0,1.0,0.0,0.0,0.2751535455053043,0.24154103852596315,1
LP001647,0.0,1.0,1.0,0.0,0.1151604938271605,0.0,0.26857142857142857,0.375,1.0,1.0,0.0,0.0,0.0,1.0,0.0,0.0,0.1970649895178197,0.07729416809605488,1
LP001653,0.0,0.0,0.0,0.0,0.06030864197530864,0.0,0.06857142857142857,0.75,1.0,1.0,0.0,0.0,0.0,1.0,0.0,0.0,0.09607642442852268,0.29518935516888434,1
LP001656,0.0,0.0,1.0,0.0,0.14814814814814814,0.0,0.2342857142857143,0.75,1.0,1.0,0.0,0.0,0.0,0.0,1.0,0.0,0.13362962962962963,0.12016666666666666,0
LP001657,0.0,1.0,0.0,0.0,0.07448148148148148,0.0,0.22857142857142856,0.75,1.0,1.0,0.0,0.0,0.0,0.0,0.0,1.0,0.2593145109306223,0.23901873031659207,0
LP001658,0.0,0.0,1.0,0.0,0.04762962962962963,0.0,0.10857142857142857,0.75,1.0,1.0,0.0,0.0,0.0,0.0,1.0,0.0,0.1926156327400495,0.3737687921202696,1
LP001664,0.0,0.0,1.0,0.0,0.05174074074074074,0.0,0.17142857142857143,0.75,1.0,1.0,0.0,0.0,0.0,1.0,0.0,0.0,0.2799650043744532,0.34407062753519446,1
LP001665,0.0,1.0,1.0,0.0,0.038580246913580245,0.061991504067967454,0.24285714285714285,0.75,1.0,0.0,1.0,0.0,0.0,0.0,1.0,0.0,0.29120921902982166,0.2526278906797477,0
LP001666,0.0,0.0,1.0,0.0,0.10287654320987655,0.08999928000575995,0.2671428571428571,0.75,1.0,1.0,0.0,0.0,0.0,1.0,0.0,0.0,0.1513237146771865,0.1193412232061574,1
LP001669,1.0,0.0,0.0,0.0,0.02354320987654321,0.05675954592363261,0.17142857142857143,0.75,1.0,1.0,0.0,0.0,0.0,0.0,0.0,1.0,0.2746566791510611,0.3375468164794007,1
LP001671,1.0,1.0,1.0,0.0,0.042172839506172836,0.06758345933232535,0.16142857142857142,0.75,1.0,1.0,0.0,0.0,0.0,0.0,1.0,0.0,0.17729282555983453,0.23138639281129653,1
LP001673,0.0,0.0,1.0,1.0,0.13580246913580246,0.0,0.11857142857142858,0.75,1.0,1.0,0.0,0.0,0.0,0.0,0.0,1.0,0.07377777777777778,0.1310909090909091,0
LP001674,0.0,1.0,0.0,0.0,0.03209876543209877,0.05999952000383997,0.12857142857142856,0.75,1.0,0.0,1.0,0.0,0.0,0.0,1.0,0.0,0.17254901960784313,0.28274509803921566,1
LP001677,0.0,0.0,1.0,0.0,0.06077777777777778,0.0,0.23714285714285716,0.75,0.0,0.0,0.0,1.0,0.0,0.0,1.0,0.0,0.3296995960006319,0.2929108267316677,1
LP001682,0.0,1.0,0.0,0.0,0.04928395061728395,0.0,0.2642857142857143,0.375,1.0,0.0,0.0,0.0,1.0,0.0,0.0,1.0,0.45312847918058335,0.18061122244488978,0
LP001688,0.0,1.0,0.0,0.0,0.043209876543209874,0.025991792065663474,0.19285714285714287,0.75,1.0,0.0,1.0,0.0,0.0,0.0,0.0,1.0,0.288020946977962,0.31464106480471304,1
LP001691,0.0,1.0,0.0,0.0,0.048358024691358026,0.0,0.17714285714285713,0.75,1.0,0.0,0.0,1.0,0.0,0.0,1.0,0.0,0.3095339403738689,0.36813888179729387,1
LP001692,1.0,0.0,0.0,0.0,0.054419753086419755,0.0,0.17142857142857143,0.75,1.0,1.0,0.0,0.0,0.0,0.0,1.0,0.0,0.26618269812462186,0.3271324863883847,1
LP001693,1.0,0.0,1.0,0.0,0.04004938271604938,0.0,0.11428571428571428,0.75,1.0,1.0,0.0,0.0,0.0,0.0,0.0,1.0,0.24112892177010548,0.4445129469790382,1
LP001698,0.0,0.0,0.0,0.0,0.049074074074074076,0.06074351405188758,0.07857142857142857,0.75,1.0,1.0,0.0,0.0,0.0,1.0,0.0,0.0,0.08265874235748198,0.22164156163541346,1
LP001699,0.0,0.0,1.0,0.0,0.030604938271604938,0.0,0.08428571428571428,0.75,1.0,1.0,0.0,0.0,0.0,0.0,0.0,1.0,0.23271032226256105,0.581686163775716,1
LP001702,0.0,0.0,1.0,0.0,0.04219753086419753,0.0,0.18142857142857144,0.75,1.0,1.0,0.0,0.0,0.0,0.0,1.0,0.0,0.3633053767635394,0.4218841427735518,0
LP001708,1.0,0.0,1.0,0.0,0.12345679012345678,0.0,0.3057142857142857,0.75,1.0,1.0,0.0,0.0,0.0,0.0,1.0,0.0,0.20924444444444443,0.1442,0
LP001711,0.0,1.0,1.0,0.0,0.04234567901234568,0.029999760001919985,0.18285714285714286,0.75,0.0,0.0,0.0,0.0,1.0,0.0,1.0,0.0,0.26742640075973406,0.30811965811965814,0
LP001713,0.0,1.0,1.0,1.0,0.0961358024691358,0.0,0.34285714285714286,0.75,1.0,0.0,1.0,0.0,0.0,0.0,0.0,1.0,0.30135696245879884,0.18518042891999487,1
LP001715,0.0,1.0,0.0,1.0,0.0704074074074074,0.0,0.18571428571428572,0.75,1.0,0.0,0.0,0.0,1.0,1.0,0.0,0.0,0.2228846416116274,0.25284937752060316,1
LP001716,0.0,1.0,1.0,0.0,0.03917283950617284,0.07250341997264022,0.1957142857142857,0.75,1.0,1.0,0.0,0.0,0.0,0.0,0.0,1.0,0.21626663796505577,0.23280594123345172,1
LP001720,0.0,1.0,0.0,0.0,0.047530864197530866,0.023591811265509875,0.14285714285714285,0.75,1.0,0.0,0.0,0.0,1.0,0.0,1.0,0.0,0.20231280318182862,0.2983654045106559,1
LP001722,0.0,1.0,1.0,0.0,0.001851851851851852,0.04319965440276478,0.19285714285714287,0.75,1.0,1.0,0.0,0.0,0.0,1.0,0.0,0.0,0.676923076923077,0.7394871794871796,0
LP001726,0.0,1.0,1.0,0.0,0.04601234567901234,0.042599659202726375,0.18714285714285714,0.75,1.0,1.0,0.0,0.0,0.0,0.0,1.0,0.0,0.23280423280423276,0.26208651399491095,1
LP001732,0.0,1.0,1.0,0.0,0.06172839506172839,0.0,0.10285714285714286,0.75,0.0,0.0,0.0,1.0,0.0,0.0,1.0,0.0,0.14079999999999998,0.2884,0
LP001734,1.0,1.0,1.0,0.0,0.052876543209876545,0.057191542467660256,0.18142857142857144,0.75,1.0,0.0,0.0,1.0,0.0,0.0,1.0,0.0,0.18628529519618628,0.21632163216321632,1
LP001736,0.0,1.0,1.0,0.0,0.02741975308641975,0.0,0.08571428571428572,0.75,0.0,1.0,0.0,0.0,0.0,0.0,0.0,1.0,0.26414527990394715,0.6492570914002701,0
LP001743,0.0,1.0,1.0,0.0,0.049493827160493824,0.041207670338637294,0.1657142857142857,0.75,1.0,0.0,0.0,1.0,0.0,0.0,1.0,0.0,0.19808281910971395,0.25183374083129584,1
LP001744,0.0,0.0,1.0,0.0,0.03667901234567901,0.06698346413228694,0.2057142857142857,0.75,1.0,1.0,0.0,0.0,0.0,0.0,1.0,0.0,0.2443595973620271,0.25026032627559874,1
LP001749,0.0,1.0,1.0,0.0,0.09355555555555556,0.024239806081551348,0.25,0.75,1.0,1.0,0.0,0.0,0.0,0.0,1.0,0.0,0.19924442374372506,0.1679087098276665,1
LP001750,0.0,1.0,1.0,0.0,0.07716049382716049,0.0,0.18285714285714286,0.75,1.0,1.0,0.0,0.0,0.0,0.0,1.0,0.0,0.2002488888888889,0.23071999999999998,1
LP001751,0.0,1.0,1.0,0.0,0.040123456790123455,0.0,0.24285714285714285,0.75,1.0,1.0,0.0,0.0,0.0,1.0,0.0,0.0,0.5114529914529914,0.4436923076923077,0
LP001754,0.0,1.0,0.0,1.0,0.05845679012345679,0.0,0.19714285714285715,0.75,1.0,1.0,0.0,0.0,0.0,0.0,0.0,1.0,0.28497008095740933,0.3045406546990496,0
LP001758,0.0,1.0,1.0,0.0,0.07716049382716049,0.0406796745626035,0.3,0.75,1.0,0.0,0.0,1.0,0.0,0.0,1.0,0.0,0.25844346549192365,0.1814977973568282,1
LP001760,0.0,0.0,1.0,0.0,0.05874074074074074,0.0,0.2257142857142857,1.0,1.0,0.0,0.0,1.0,0.0,0.0,1.0,0.0,0.32469291485684926,0.40409135491102705,1
LP001761,0.0,0.0,1.0,1.0,0.07901234567901234,0.0,0.2857142857142857,0.75,1.0,1.0,0.0,0.0,0.0,1.0,0.0,0.0,0.3055555555555555,0.2253125,1
LP001765,0.0,1.0,1.0,0.0,0.030753086419753085,0.04929560563515492,0.14857142857142858,0.75,1.0,0.0,1.0,0.0,0.0,0.0,1.0,0.0,0.22373792934849038,0.3172717271727173,1
LP001768,0.0,1.0,1.0,0.0,0.045876543209876545,0.0,0.06,0.375,1.0,1.0,0.0,0.0,0.0,1.0,0.0,0.0,0.11051309651955507,0.19402583423035522,1
LP001770,0.0,0.0,0.0,0.0,0.03937037037037037,0.062351501187990495,0.17142857142857143,0.75,1.0,1.0,0.0,0.0,0.0,1.0,0.0,0.0,0.20275329762110475,0.24917919474684638,1
LP001776,1.0,0.0,1.0,0.0,0.10287654320987655,0.0,0.4,0.75,1.0,1.0,0.0,0.0,0.0,0.0,1.0,0.0,0.32854647519234104,0.17304692187687506,1
LP001778,0.0,1.0,1.0,0.0,0.03895061728395062,0.042695658434732525,0.2,0.75,1.0,0.0,1.0,0.0,0.0,0.0,1.0,0.0,0.2774399855875332,0.2922578029995947,1
LP001784,0.0,1.0,1.0,0.0,0.06790123456790123,0.030239758081935346,0.24285714285714285,0.75,1.0,0.0,1.0,0.0,0.0,1.0,0.0,0.0,0.24589086127547666,0.21331360946745562,1
LP001786,0.0,1.0,1.0,0.0,0.07093827160493828,0.0,0.36428571428571427,0.75,0.0,1.0,0.0,0.0,0.0,0.0,0.0,1.0,0.43392504930966463,0.25095718760877134,0
LP001788,1.0,0.0,1.0,1.0,0.04275308641975309,0.0,0.1742857142857143,0.75,1.0,1.0,0.0,0.0,0.0,0.0,0.0,1.0,0.34446690409728237,0.4164019636153624,1
LP001790,1.0,0.0,1.0,0.0,0.04706172839506173,0.0,0.16,0.75,1.0,0.0,1.0,0.0,0.0,1.0,0.0,0.0,0.28727993470910573,0.3782791185729276,1
LP001792,0.0,1.0,1.0,0.0,0.04092592592592593,0.0,0.13714285714285715,0.75,1.0,0.0,1.0,0.0,0.0,0.0,1.0,0.0,0.2831573655103067,0.4349924585218703,1
LP001798,0.0,1.0,1.0,0.0,0.0718395061728395,0.11999904000767994,0.17142857142857143,0.75,1.0,0.0,0.0,1.0,0.0,1.0,0.0,0.0,0.10845118156329912,0.13328403734171365,1
LP001800,0.0,1.0,0.0,0.0,0.030987654320987653,0.047591619267045866,0.2,0.375,1.0,0.0,1.0,0.0,0.0,0.0,0.0,1.0,0.30467146425303554,0.1604718450923659,0
LP001806,0.0,0.0,1.0,0.0,0.036604938271604937,0.13682290541675668,0.22142857142857142,0.125,1.0,1.0,0.0,0.0,0.0,0.0,0.0,1.0,0.17488524758314744,0.02773290253096392,1
LP001807,0.0,1.0,1.0,1.0,0.07716049382716049,0.031199750401996785,0.15428571428571428,0.75,1.0,0.0,0.0,1.0,0.0,1.0,0.0,0.0,0.13986754966887416,0.19099337748344372,1
LP001811,0.0,1.0,0.0,0.0,0.04204938271604938,0.10600715194278446,0.1757142857142857,0.75,1.0,1.0,0.0,0.0,0.0,0.0,1.0,0.0,0.15373471387788146,0.18432826281477696,1
LP001813,0.0,0.0,1.0,1.0,0.07469135802469136,0.10399116807065543,0.17142857142857143,0.375,1.0,1.0,0.0,0.0,0.0,0.0,0.0,1.0,0.11300523291277408,0.06944043147452567,0
LP001814,0.0,1.0,1.0,0.0,0.11979012345679012,0.0,0.16,0.75,1.0,0.0,0.0,1.0,0.0,0.0,0.0,1.0,0.1128631465640638,0.1486138307739874,1
LP001819,0.0,1.0,0.0,0.0,0.08158024691358025,0.0,0.1957142857142857,0.375,1.0,0.0,1.0,0.0,0.0,0.0,0.0,1.0,0.20271724509012645,0.10911016949152542,1
LP001824,0.0,1.0,1.0,0.0,0.03558024691358025,0.044231646146830825,0.1757142857142857,1.0,1.0,0.0,1.0,0.0,0.0,0.0,1.0,0.0,0.25453262786596115,0.4069135802469136,1
LP001825,0.0,1.0,1.0,0.0,0.022333333333333334,0.044831641346869226,0.12857142857142856,0.75,1.0,1.0,0.0,0.0,0.0,0.0,0.0,1.0,0.2393255371226543,0.39216752787598586,1
LP001835,0.0,1.0,0.0,0.0,0.020592592592592593,0.093359253125975,0.28714285714285714,0.75,0.0,1.0,0.0,0.0,0.0,0.0,1.0,0.0,0.35360441405781456,0.2594458438287154,0
LP001836,1.0,0.0,1.0,0.0,0.04230864197530864,0.0,0.19714285714285715,0.75,1.0,0.0,0.0,1.0,0.0,0.0,0.0,1.0,0.3937360178970917,0.4207761890866647,0
LP001841,0.0,0.0,0.0,1.0,0.03188888888888889,0.052007583939328486,0.14857142857142858,0.75,1.0,1.0,0.0,0.0,0.0,1.0,0.0,0.0,0.2140818713450292,0.30357894736842106,1
LP001843,0.0,1.0,0.0,0.0,0.032851851851851854,0.17042263661890705,0.3985714285714286,0.375,1.0,0.0,1.0,0.0,0.0,0.0,1.0,0.0,0.27945093218602746,0.07385781602130712,1
LP001844,0.0,0.0,1.0,1.0,0.2006172839506173,0.0,0.2742857142857143,0.75,0.0,1.0,0.0,0.0,0.0,0.0,0.0,1.0,0.11552820512820511,0.08873846153846153,0
LP001846,1.0,0.0,1.0,0.0,0.03806172839506173,0.0,0.36428571428571427,0.75,1.0,0.0,0.0,0.0,1.0,1.0,0.0,0.0,0.8087360795761704,0.4677262406746675,1
LP001849,0.0,0.0,0.0,0.0,0.07462962962962963,0.0,0.16428571428571428,0.75,0.0,1.0,0.0,0.0,0.0,1.0,0.0,0.0,0.18601231504457308,0.23854425144747726,0
LP001854,0.0,1.0,1.0,0.0,0.06481481481481481,0.0,0.13428571428571429,0.75,1.0,0.0,0.0,0.0,1.0,0.0,0.0,1.0,0.17506878306878307,0.27466666666666667,0
LP001859,0.0,1.0,1.0,0.0,0.1812716049382716,0.050399596803225574,0.4342857142857143,0.75,1.0,1.0,0.0,0.0,0.0,1.0,0.0,0.0,0.17711043582461086,0.08592027647023774,0
LP001864,0.0,1.0,0.0,0.0,0.060876543209876545,0.0,0.18285714285714286,0.75,0.0,0.0,0.0,0.0,1.0,0.0,1.0,0.0,0.25381374073322965,0.29243561143784225,0
LP001865,0.0,1.0,1.0,0.0,0.07509876543209877,0.10199918400652795,0.4714285714285714,0.75,1.0,0.0,1.0,0.0,0.0,0.0,0.0,1.0,0.3122681376818607,0.1395528888028646,1
LP001868,0.0,0.0,1.0,0.0,0.0254320987654321,0.053015575875392996,0.19142857142857142,0.75,1.0,1.0,0.0,0.0,0.0,0.0,1.0,0.0,0.3069154889253273,0.3377840243616772,1
LP001870,1.0,0.0,1.0,0.0,0.04297530864197531,0.0,0.22142857142857142,0.075,1.0,0.0,1.0,0.0,0.0,0.0,1.0,0.0,0.43537936097545404,0.04142487790864694,0
LP001871,1.0,0.0,1.0,0.0,0.08888888888888889,0.0,0.17142857142857143,0.75,1.0,1.0,0.0,0.0,0.0,1.0,0.0,0.0,0.16296296296296295,0.20027777777777778,1
LP001872,0.0,0.0,1.0,1.0,0.06377777777777778,0.0,0.18285714285714286,0.75,1.0,1.0,0.0,0.0,0.0,0.0,1.0,0.0,0.24226781950359186,0.27913279132791324,1
LP001875,0.0,0.0,1.0,0.0,0.050555555555555555,0.08272733818129455,0.21571428571428572,0.75,1.0,1.0,0.0,0.0,0.0,1.0,0.0,0.0,0.19576298653466512,0.19119596923892865,1
LP001877,0.0,1.0,1.0,0.0,0.05812345679012346,0.033287733698130414,0.21428571428571427,0.75,1.0,0.0,0.0,1.0,0.0,0.0,1.0,0.0,0.24063439978124143,0.23658736669401148,1
LP001882,0.0,1.0,1.0,0.0,0.05349382716049383,0.043463652290781675,0.22857142857142856,0.75,0.0,0.0,0.0,0.0,1.0,0.0,0.0,1.0,0.25462962962962965,0.23470052083333334,1
LP001883,1.0,0.0,1.0,0.0,0.04219753086419753,0.0,0.19285714285714287,0.75,1.0,1.0,0.0,0.0,0.0,1.0,0.0,0.0,0.3861907548273844,0.4218841427735518,0
LP001884,1.0,0.0,1.0,0.0,0.035506172839506175,0.03743970048239614,0.12857142857142856,0.75,1.0,0.0,1.0,0.0,0.0,0.0,0.0,1.0,0.19837691614066724,0.32506762849413884,1
LP001888,1.0,0.0,1.0,0.0,0.039962962962962964,0.0,0.04285714285714286,0.75,1.0,1.0,0.0,0.0,0.0,0.0,0.0,1.0,0.09061888579960868,0.4454742045103491,1
LP001891,0.0,1.0,1.0,0.0,0.13760493827160494,0.0,0.19428571428571428,0.75,1.0,1.0,0.0,0.0,0.0,0.0,0.0,1.0,0.11930538110333552,0.12937376637358694,1
LP001892,0.0,0.0,1.0,0.0,0.03497530864197531,0.04456764345885233,0.18,0.75,1.0,1.0,0.0,0.0,0.0,1.0,0.0,0.0,0.2626865671641791,0.3074626865671642,1
LP001894,0.0,1.0,1.0,0.0,0.03234567901234568,0.0533515731874145,0.21428571428571427,0.75,1.0,1.0,0.0,0.0,0.0,0.0,1.0,0.0,0.3028425906807075,0.2977493289283502,1
LP001896,0.0,1.0,1.0,0.0,0.04814814814814815,0.0,0.12857142857142856,0.75,1.0,0.0,0.0,1.0,0.0,0.0,1.0,0.0,0.22564102564102564,0.3697435897435898,1
LP001900,0.0,1.0,1.0,0.0,0.033950617283950615,0.04420764633882929,0.16428571428571428,0.75,1.0,0.0,1.0,0.0,0.0,0.0,1.0,0.0,0.24487030584591557,0.31402439024390244,1
LP001903,0.0,1.0,1.0,0.0,0.049296296296296296,0.07857537139702882,0.2957142857142857,0.75,1.0,1.0,0.0,0.0,0.0,0.0,1.0,0.0,0.2785193339755057,0.19843126462088895,1
LP001904,0.0,1.0,1.0,0.0,0.038308641975308644,0.031199750401996785,0.11428571428571428,0.75,1.0,1.0,0.0,0.0,0.0,0.0,0.0,1.0,0.17765664824488353,0.3275039745627981,1
LP001907,0.0,1.0,1.0,0.0,0.18003703703703702,0.0,0.6228571428571429,0.75,1.0,1.0,0.0,0.0,0.0,0.0,1.0,0.0,0.2923343009744984,0.09888226016594664,1
LP001908,1.0,1.0,0.0,0.0,0.050617283950617285,0.0,0.17714285714285713,0.75,1.0,1.0,0.0,0.0,0.0,1.0,0.0,0.0,0.2957181571815718,0.3517073170731707,1
LP001910,0.0,0.0,0.0,1.0,0.05003703703703704,0.058223534211726304,0.2257142857142857,0.75,0.0,0.0,1.0,0.0,0.0,0.0,0.0,1.0,0.23844557630635727,0.2225652106806606,0
LP001914,0.0,1.0,1.0,0.0,0.04848148148148148,0.01919984640122879,0.16,0.75,1.0,1.0,0.0,0.0,0.0,0.0,1.0,0.0,0.2316714853207343,0.3050560609265919,1
LP001915,0.0,1.0,1.0,0.0,0.02840740740740741,0.023659010435116513,0.11142857142857143,0.375,1.0,0.0,0.0,1.0,0.0,0.0,0.0,1.0,0.23203926904513378,0.21936229848978336,1
LP001917,1.0,0.0,1.0,0.0,0.022358024691358024,0.03998368013055895,0.07714285714285714,0.75,1.0,1.0,0.0,0.0,0.0,0.0,0.0,1.0,0.15185504745470232,0.41472533793500144,1
LP001922,0.0,1.0,1.0,0.0,0.2551481481481481,0.0,0.6857142857142857,0.75,1.0,1.0,0.0,0.0,0.0,1.0,0.0,0.0,0.227093111401429,0.06977306817631973,0
LP001924,0.0,0.0,1.0,0.0,0.03898765432098766,0.07327141382868937,0.12714285714285714,0.75,1.0,1.0,0.0,0.0,0.0,1.0,0.0,0.0,0.1401098409631657,0.2321687328932539,1
LP001925,1.0,0.0,1.0,1.0,0.03209876543209877,0.041207670338637294,0.14142857142857143,0.625,1.0,1.0,0.0,0.0,0.0,0.0,1.0,0.0,0.22422978920546674,0.2783568836383291,0
LP001926,0.0,1.0,1.0,0.0,0.0457283950617284,0.047999616003071975,0.17142857142857143,0.75,1.0,1.0,0.0,0.0,0.0,1.0,0.0,0.0,0.2057035998129967,0.25280504908835905,1
LP001931,1.0,0.0,1.0,0.0,0.05091358024691358,0.0,0.16428571428571428,0.75,1.0,1.0,0.0,0.0,0.0,0.0,1.0,0.0,0.2726586916693609,0.3496605237633366,1
LP001935,0.0,0.0,1.0,0.0,0.11738271604938272,0.0,0.2671428571428571,0.75,1.0,1.0,0.0,0.0,0.0,1.0,0.0,0.0,0.19230589445145607,0.15166175851914176,1
LP001936,0.0,1.0,1.0,0.0,0.03796296296296296,0.05798353613171094,0.19857142857142857,0.75,1.0,1.0,0.0,0.0,0.0,1.0,0.0,0.0,0.24751613751795867,0.2626115461664542,1
LP001938,0.0,1.0,1.0,0.0,0.05432098765432099,0.0,0.18142857142857144,0.75,0.0,0.0,0.0,1.0,0.0,0.0,1.0,0.0,0.2822222222222222,0.3277272727272727,0
LP001940,0.0,1.0,1.0,0.0,0.038925925925925926,0.03743970048239614,0.19142857142857142,0.75,1.0,0.0,0.0,1.0,0.0,0.0,0.0,1.0,0.2780017445835396,0.3059622321239126,1
LP001945,1.0,0.0,1.0,0.0,0.06687654320987654,0.0,0.2042857142857143,1.0,0.0,1.0,0.0,0.0,0.0,0.0,0.0,1.0,0.25811744918261437,0.3549320041843579,0
LP001947,0.0,1.0,1.0,0.0,0.029419753086419753,0.08001535987712098,0.24571428571428572,0.75,1.0,1.0,0.0,0.0,0.0,0.0,1.0,0.0,0.29417137970575086,0.2522301906594368,1
LP001949,0.0,1.0,1.0,0.0,0.05451851851851852,0.029999760001919985,0.15714285714285714,0.75,1.0,0.0,0.0,0.0,1.0,0.0,0.0,1.0,0.18982625406910614,0.25450052947405577,1
LP001953,0.0,1.0,1.0,0.0,0.08487654320987655,0.0,0.2857142857142857,0.75,1.0,0.0,1.0,0.0,0.0,0.0,1.0,0.0,0.28444444444444444,0.20974545454545454,1
LP001954,1.0,1.0,1.0,0.0,0.05760493827160494,0.0,0.19285714285714287,0.75,1.0,0.0,1.0,0.0,0.0,0.0,0.0,1.0,0.28289755679382766,0.3090441491641663,1
LP001955,1.0,0.0,1.0,0.0,0.06172839506172839,0.060983512131902944,0.21571428571428572,1.0,1.0,1.0,0.0,0.0,0.0,1.0,0.0,0.0,0.19578894635253208,0.2549617645758741,0
LP001963,0.0,1.0,1.0,0.0,0.024864197530864197,0.07019943840449276,0.16142857142857142,0.75,1.0,0.0,1.0,0.0,0.0,0.0,0.0,1.0,0.22370700321702547,0.29196193561449685,0
LP001964,0.0,1.0,0.0,0.0,0.022222222222222223,0.07041543667650658,0.13285714285714287,0.75,0.0,1.0,0.0,0.0,0.0,0.0,0.0,1.0,0.1920856217434164,0.3046049852133502,0
LP001972,0.0,1.0,0.0,0.0,0.035493827160493825,0.04199966400268798,0.15,0.75,1.0,1.0,0.0,0.0,0.0,0.0,1.0,0.0,0.22198198198198196,0.31178378378378374,1
LP001974,1.0,0.0,1.0,0.0,0.06172839506172839,0.0,0.18857142857142858,0.75,1.0,1.0,0.0,0.0,0.0,1.0,0.0,0.0,0.2581333333333333,0.2884,1
LP001977,0.0,1.0,1.0,0.0,0.020061728395061727,0.04327165382676939,0.13714285714285715,0.75,1.0,0.0,1.0,0.0,0.0,0.0,0.0,1.0,0.27382341501361335,0.4206534422403734,1
LP001978,0.0,0.0,1.0,0.0,0.04938271604938271,0.05999952000383997,0.2,0.75,1.0,1.0,0.0,0.0,0.0,1.0,0.0,0.0,0.21059829059829058,0.22184615384615386,1
LP001990,0.0,0.0,0.0,0.0,0.024691358024691357,0.0,0.12,0.75,1.0,1.0,0.0,0.0,0.0,0.0,0.0,1.0,0.4106666666666667,0.721,0
LP001993,1.0,0.0,1.0,0.0,0.04644444444444444,0.03998368013055895,0.19285714285714287,0.75,1.0,1.0,0.0,0.0,0.0,1.0,0.0,0.0,0.2431834929992631,0.265659543109801,1
LP001994,1.0,0.0,1.0,0.0,0.02962962962962963,0.044711642306861546,0.14857142857142858,0.75,0.0,1.0,0.0,0.0,0.0,0.0,0.0,1.0,0.23853832720827792,0.33825944170771755,0
LP001996,0.0,0.0,1.0,0.0,0.24979012345679014,0.0,0.6857142857142857,0.75,1.0,1.0,0.0,0.0,0.0,1.0,0.0,0.0,0.23196428277236855,0.07126970790293086,0
LP001998,0.0,1.0,0.0,0.0,0.09465432098765432,0.0,0.2642857142857143,0.75,1.0,0.0,0.0,1.0,0.0,1.0,0.0,0.0,0.23593177108241667,0.18807877918351376,1
LP002002,1.0,0.0,1.0,0.0,0.03601234567901235,0.0,0.12,0.75,1.0,1.0,0.0,0.0,0.0,0.0,1.0,0.0,0.28156782082047765,0.4943435035995886,1
LP002004,0.0,0.0,0.0,0.0,0.0361358024691358,0.05771953824369405,0.15857142857142856,0.75,1.0,1.0,0.0,0.0,0.0,0.0,1.0,0.0,0.20355088772193047,0.2704426106526632,1
LP002006,1.0,0.0,1.0,0.0,0.030950617283950616,0.0,0.08,0.75,1.0,1.0,0.0,0.0,0.0,1.0,0.0,0.0,0.21841067233967112,0.5751894694854408,1
LP002008,0.0,1.0,1.0,1.0,0.07093827160493828,0.0,0.2057142857142857,0.175,1.0,0.0,0.0,1.0,0.0,1.0,0.0,0.0,0.2450400278454577,0.05855667710871331,1
LP002024,0.0,1.0,1.0,0.0,0.030530864197530865,0.044231646146830825,0.22714285714285715,0.75,1.0,1.0,0.0,0.0,0.0,1.0,0.0,0.0,0.3602100710534445,0.3341056533827618,0
LP002031,0.0,1.0,0.0,0.0,0.041962962962962966,0.03935968512251902,0.15857142857142856,0.375,1.0,0.0,1.0,0.0,0.0,0.0,0.0,1.0,0.21538665079050073,0.14308394522722764,1
LP002035,0.0,1.0,1.0,0.0,0.04588888888888889,0.0,0.17142857142857143,0.75,1.0,0.0,0.0,1.0,0.0,0.0,1.0,0.0,0.3156667563447224,0.3879472693032015,1
LP002036,0.0,1.0,1.0,0.0,0.025407407407407406,0.0512155902752778,0.12571428571428572,0.75,1.0,1.0,0.0,0.0,0.0,0.0,0.0,1.0,0.20525869380831213,0.34398854961832065,1
LP002043,1.0,0.0,1.0,0.0,0.043716049382716046,0.0,0.16,0.75,0.0,0.0,1.0,0.0,0.0,0.0,1.0,0.0,0.30926605792462897,0.40722959615927706,1
LP002050,0.0,1.0,1.0,1.0,0.12345679012345678,0.0,0.22142857142857142,0.75,1.0,0.0,1.0,0.0,0.0,1.0,0.0,0.0,0.15155555555555555,0.1442,0
LP002051,0.0,1.0,1.0,0.0,0.02962962962962963,0.052007583939328486,0.16428571428571428,0.75,1.0,1.0,0.0,0.0,0.0,0.0,1.0,0.0,0.24621073887550785,0.3157433763958835,1
LP002053,0.0,1.0,1.0,0.0,0.05360493827160494,0.004535963712290302,0.17714285714285713,0.75,1.0,0.0,0.0,0.0,1.0,0.0,1.0,0.0,0.26758870987518085,0.3182520414919444,1
LP002054,0.0,1.0,0.0,0.0,0.04445679012345679,0.03815969472244222,0.19285714285714287,0.75,1.0,0.0,0.0,1.0,0.0,1.0,0.0,0.0,0.2542862646888846,0.27778848006164514,1
LP002055,1.0,0.0,1.0,0.0,0.03908641975308642,0.07163942688458493,0.18857142857142858,0.75,1.0,1.0,0.0,0.0,0.0,1.0,0.0,0.0,0.20983037988402967,0.2344334254592749,1
LP002065,0.0,1.0,1.0,0.0,0.18518518518518517,0.0,0.42857142857142855,0.75,1.0,0.0,0.0,0.0,1.0,1.0,0.0,0.0,0.19555555555555554,0.09613333333333333,1
LP002067,0.0,1.0,1.0,1.0,0.10698765432098765,0.11959104327165383,0.5371428571428571,0.75,0.0,0.0,1.0,0.0,0.0,1.0,0.0,0.0,0.26935632240050145,0.10564876547732434,0
LP002068,0.0,0.0,1.0,0.0,0.060703703703703704,0.0,0.18571428571428572,0.75,0.0,1.0,0.0,0.0,0.0,1.0,0.0,0.0,0.2585135471041511,0.29326825299979664,1
LP002082,0.0,1.0,1.0,1.0,0.07182716049382716,0.05183958528331773,0.26285714285714284,0.75,1.0,1.0,0.0,0.0,0.0,0.0,1.0,0.0,0.22550903874543884,0.1807470543995989,1
LP002086,1.0,1.0,1.0,0.0,0.05349382716049383,0.058823529411764705,0.15714285714285714,0.75,1.0,1.0,0.0,0.0,0.0,0.0,0.0,1.0,0.15854297693920336,0.21255896226415094,0
LP002087,1.0,0.0,1.0,0.0,0.030864197530864196,0.0,0.09571428571428571,0.75,1.0,1.0,0.0,0.0,0.0,0.0,0.0,1.0,0.2620444444444444,0.5768,1
LP002097,0.0,0.0,1.0,0.0,0.05412345679012346,0.04303165574675403,0.16714285714285715,0.75,1.0,0.0,1.0,0.0,0.0,0.0,0.0,1.0,0.18520317306135664,0.23344665695321354,1
LP002098,0.0,0.0,1.0,0.0,0.03623456790123457,0.0,0.14,0.75,1.0,1.0,0.0,0.0,0.0,0.0,1.0,0.0,0.32648116600416427,0.4913117546848382,1
LP002100,0.0,0.0,1.0,0.0,0.03497530864197531,0.0,0.10142857142857142,0.75,1.0,1.0,0.0,0.0,0.0,0.0,0.0,1.0,0.24504843707102794,0.5090010589481115,1
LP002101,0.0,1.0,1.0,0.0,0.7819382716049382,0.0,0.7,0.375,1.0,1.0,0.0,0.0,0.0,0.0,0.0,1.0,0.07564474337450638,0.011383551478598607,1
LP002103,0.0,1.0,1.0,1.0,0.12139506172839507,0.043991648066815464,0.26,0.375,1.0,0.0,1.0,0.0,0.0,0.0,0.0,1.0,0.15254205002190602,0.06180353163037888,1
LP002106,0.0,1.0,1.0,1.0,0.06793827160493827,0.10775913792689658,0.1,0.25,1.0,0.0,0.0,1.0,0.0,0.0,1.0,0.0,0.06849238911682622,0.04810033690249842,1
LP002110,0.0,1.0,1.0,0.0,0.06481481481481481,0.016511867905056758,0.22857142857142856,0.75,1.0,0.0,1.0,0.0,0.0,1.0,0.0,0.0,0.2634631937427491,0.2428427079824857,1
LP002112,0.0,1.0,1.0,1.0,0.030864197530864196,0.11039911680706554,0.25142857142857145,0.75,1.0,0.0,0.0,1.0,0.0,1.0,0.0,0.0,0.2423787167449139,0.20309859154929577,1
LP002113,1.0,0.0,0.0,0.0,0.02259259259259259,0.0,0.13714285714285715,0.75,0.0,0.0,0.0,0.0,1.0,0.0,0.0,1.0,0.5129326047358834,0.7879781420765027,0
LP002114,1.0,0.0,1.0,0.0,0.05135802469135802,0.0,0.10142857142857142,0.75,1.0,1.0,0.0,0.0,0.0,0.0,1.0,0.0,0.16688034188034184,0.3466346153846154,1
LP002115,0.0,1.0,0.0,0.0,0.032679012345679014,0.03808769529843761,0.24714285714285714,0.75,1.0,0.0,0.0,0.0,1.0,1.0,0.0,0.0,0.39951713640896447,0.3405762871988663,0
LP002116,1.0,0.0,1.0,0.0,0.029358024691358026,0.0,0.06571428571428571,0.75,1.0,1.0,0.0,0.0,0.0,1.0,0.0,0.0,0.18914120175684515,0.6063919259882253,0
LP002119,0.0,1.0,0.0,0.0,0.05622222222222222,0.02949576403388773,0.2257142857142857,0.75,1.0,0.0,1.0,0.0,0.0,0.0,0.0,1.0,0.26714315906776565,0.2493515476396334,1
LP002126,0.0,1.0,0.0,0.0,0.03917283950617284,0.0,0.10571428571428572,0.75,1.0,0.0,0.0,0.0,1.0,0.0,1.0,0.0,0.2280351577546661,0.4544595020485345,1
LP002128,0.0,1.0,1.0,0.0,0.03188888888888889,0.055919552643578854,0.17857142857142858,0.75,1.0,0.0,0.0,1.0,0.0,1.0,0.0,0.0,0.24877309632041972,0.2935070221860371,1
LP002129,0.0,1.0,1.0,0.0,0.030851851851851853,0.05899152806777546,0.22857142857142856,0.75,1.0,1.0,0.0,0.0,0.0,0.0,1.0,0.0,0.3156030753367852,0.2909017550938067,1
LP002130,0.0,1.0,0.0,0.0,0.043493827160493825,0.07751937984496124,0.21714285714285714,0.75,0.0,1.0,0.0,0.0,0.0,1.0,0.0,0.0,0.22008325517876828,0.21353472530727086,0
LP002131,0.0,1.0,0.0,0.0,0.03806172839506173,0.052031583747330024,0.18,0.75,1.0,0.0,0.0,1.0,0.0,0.0,0.0,1.0,0.2346219767663302,0.27461435916968197,1
LP002137,0.0,1.0,1.0,0.0,0.07818518518518519,0.10999112007103944,0.37,0.75,1.0,1.0,0.0,0.0,0.0,0.0,1.0,0.0,0.23199381132690036,0.13209967020886773,1
LP002138,0.0,1.0,1.0,0.0,0.032407407407407406,0.14999880000959992,0.2671428571428571,0.75,1.0,1.0,0.0,0.0,0.0,1.0,0.0,0.0,0.20602190923317681,0.1624788732394366,1
LP002139,0.0,1.0,1.0,0.0,0.1121358024691358,0.0,0.32571428571428573,0.75,1.0,1.0,0.0,0.0,0.0,0.0,1.0,0.0,0.24544019964035377,0.1587581195640207,1
LP002140,0.0,0.0,1.0,0.0,0.10802469135802469,0.10000719994240045,0.44,0.75,1.0,1.0,0.0,0.0,0.0,1.0,0.0,0.0,0.23314667148374665,0.11163582875280638,0
LP002141,0.0,1.0,1.0,0.0,0.03291358024691358,0.049991600067199465,0.1357142857142857,0.75,1.0,0.0,0.0,0.0,1.0,1.0,0.0,0.0,0.19559673381530615,0.30364287218361763,1
LP002142,1.0,1.0,1.0,1.0,0.06790123456790123,0.0,0.15,0.75,0.0,1.0,0.0,0.0,0.0,1.0,0.0,0.0,0.18666666666666668,0.2621818181818182,0
LP002143,1.0,1.0,1.0,0.0,0.029913580246913582,0.012119903040775674,0.18571428571428572,0.75,1.0,1.0,0.0,0.0,0.0,0.0,1.0,0.0,0.4341226472374013,0.49248633879781417,1
LP002144,1.0,0.0,1.0,0.0,0.047074074074074074,0.0,0.1657142857142857,0.375,1.0,0.0,0.0,1.0,0.0,0.0,0.0,1.0,0.2974618993501763,0.18908995541568321,1
LP002149,0.0,1.0,1.0,0.0,0.10287654320987655,0.07600739194086448,0.2357142857142857,0.75,1.0,0.0,0.0,1.0,0.0,1.0,0.0,0.0,0.14028985507246375,0.1253913043478261,1
LP002151,0.0,1.0,1.0,0.0,0.047839506172839504,0.0,0.09571428571428571,0.75,1.0,0.0,1.0,0.0,0.0,0.0,0.0,1.0,0.16906093189964155,0.37212903225806454,0
LP002158,0.0,1.0,0.0,0.0,0.037037037037037035,0.03998368013055895,0.14285714285714285,1.0,0.0,1.0,0.0,0.0,0.0,0.0,0.0,1.0,0.2095537457732057,0.4120588655522217,0
LP002160,0.0,1.0,1.0,0.0,0.06379012345679012,0.07600739194086448,0.2857142857142857,0.75,1.0,0.0,0.0,0.0,1.0,0.0,1.0,0.0,0.23464789483507986,0.1730261579073674,1
LP002161,1.0,0.0,1.0,0.0,0.05830864197530864,0.0,0.11571428571428571,0.75,1.0,0.0,1.0,0.0,0.0,0.0,1.0,0.0,0.16769002752487827,0.30531441880160914,0
LP002170,0.0,1.0,1.0,0.0,0.06172839506172839,0.08800729594163247,0.33714285714285713,0.75,1.0,0.0,0.0,1.0,0.0,0.0,1.0,0.0,0.2662461700191018,0.166378216222453,1
LP002175,0.0,1.0,1.0,0.0,0.05864197530864197,0.05599155206758346,0.18571428571428572,0.75,1.0,1.0,0.0,0.0,0.0,0.0,0.0,1.0,0.1794594255415941,0.20358605110828745,1
LP002178,0.0,1.0,1.0,0.0,0.03719753086419753,0.07279141766865865,0.1357142857142857,0.625,1.0,1.0,0.0,0.0,0.0,0.0,0.0,1.0,0.15363693167199619,0.19875399713309075,1
LP002180,0.0,0.0,1.0,1.0,0.08422222222222223,0.0,0.20142857142857143,0.75,1.0,1.0,0.0,0.0,0.0,1.0,0.0,0.0,0.20209127333137886,0.2113749633538552,1
LP002181,0.0,0.0,0.0,0.0,0.07674074074074073,0.0,0.19,0.75,1.0,1.0,0.0,0.0,0.0,1.0,0.0,0.0,0.20920920920920918,0.231981981981982,0
LP002187,0.0,0.0,1.0,0.0,0.030864197530864196,0.0,0.13714285714285715,1.0,1.0,1.0,0.0,0.0,0.0,0.0,1.0,0.0,0.3754666666666666,0.7690666666666667,0
LP002188,0.0,0.0,1.0,0.0,0.06325925925925927,0.0,0.17714285714285713,0.75,0.0,1.0,0.0,0.0,0.0,1.0,0.0,0.0,0.23662069563708907,0.2814207650273224,0
LP002190,0.0,1.0,1.0,0.0,0.07808641975308642,0.0,0.25,0.75,1.0,0.0,1.0,0.0,0.0,0.0,1.0,0.0,0.27053140096618356,0.22798418972332016,1
LP002191,0.0,1.0,1.0,0.0,0.24358024691358024,0.12638298893608851,0.8142857142857143,0.75,1.0,1.0,0.0,0.0,0.0,1.0,0.0,0.0,0.22296900837467326,0.0576892302768443,0
LP002194,1.0,0.0,1.0,1.0,0.19455555555555556,0.0,0.07857142857142857,0.75,1.0,1.0,0.0,0.0,0.0,0.0,1.0,0.0,0.03412512074229188,0.0915032679738562,1
LP002197,0.0,1.0,1.0,0.0,0.06401234567901234,0.0,0.22142857142857142,0.75,1.0,0.0,0.0,1.0,0.0,0.0,1.0,0.0,0.2922961534340512,0.2781099324975892,1
LP002201,0.0,1.0,1.0,1.0,0.11509876543209877,0.18895048839609282,0.5428571428571428,0.625,1.0,0.0,0.0,1.0,0.0,1.0,0.0,0.0,0.21607092088599414,0.06988059238582617,1
LP002205,0.0,0.0,1.0,0.0,0.03780246913580247,0.04768761849905201,0.15857142857142856,0.375,0.0,0.0,1.0,0.0,0.0,0.0,0.0,1.0,0.214960058097313,0.14280055456526045,0
LP002209,1.0,0.0,1.0,0.0,0.034123456790123456,0.03501571987424101,0.15714285714285714,0.75,1.0,1.0,0.0,0.0,0.0,0.0,0.0,1.0,0.2546899255400321,0.34146341463414637,1
LP002211,0.0,1.0,1.0,0.0,0.05946913580246914,0.022151822785417715,0.17142857142857143,0.375,1.0,1.0,0.0,0.0,0.0,0.0,0.0,1.0,0.20441347270615565,0.12560975609756098,1
LP002219,0.0,1.0,1.0,0.0,0.10802469135802469,0.11990304077567379,0.18571428571428572,0.75,1.0,0.0,0.0,0.0,1.0,1.0,0.0,0.0,0.09247134519941154,0.10490324458024151,1
LP002223,0.0,1.0,1.0,0.0,0.053209876543209876,0.0,0.18571428571428572,0.75,1.0,1.0,0.0,0.0,0.0,0.0,1.0,0.0,0.29492137148749675,0.3345707656612529,1
LP002224,0.0,0.0,1.0,0.0,0.03788888888888889,0.0,0.10142857142857142,1.0,1.0,1.0,0.0,0.0,0.0,0.0,0.0,1.0,0.22620469932297887,0.6264798522863039,0
LP002225,0.0,1.0,1.0,0.0,0.06655555555555556,0.0,0.18571428571428572,0.75,1.0,0.0,0.0,1.0,0.0,0.0,0.0,1.0,0.2357839197015602,0.2674828417733259,1
LP002226,0.0,1.0,1.0,0.0,0.04114814814814815,0.05999952000383997,0.18285714285714286,0.75,1.0,1.0,0.0,0.0,0.0,0.0,1.0,0.0,0.21456464178905463,0.24721412652151553,1
LP002229,0.0,0.0,1.0,0.0,0.07334567901234568,0.1015671874625003,0.4228571428571429,0.75,1.0,1.0,0.0,0.0,0.0,0.0,1.0,0.0,0.28450036589228567,0.14174776368819425,1
LP002231,1.0,0.0,1.0,0.0,0.07407407407407407,0.0,0.22285714285714286,0.75,1.0,1.0,0.0,0.0,0.0,0.0,0.0,1.0,0.2542222222222222,0.24033333333333332,1
LP002234,0.0,0.0,1.0,1.0,0.08848148148148148,0.0,0.18285714285714286,0.75,1.0,1.0,0.0,0.0,0.0,0.0,0.0,1.0,0.1746275367037192,0.2011999441886424,1
LP002236,0.0,1.0,1.0,0.0,0.05637037037037037,0.0,0.14285714285714285,0.75,1.0,0.0,0.0,1.0,0.0,0.0,0.0,1.0,0.21414318391979364,0.3158125273762593,0
LP002237,0.0,0.0,1.0,0.0,0.045271604938271606,0.0,0.16142857142857142,0.375,1.0,0.0,1.0,0.0,0.0,0.0,0.0,1.0,0.3013059418840711,0.19661848922825198,1
LP002239,0.0,0.0,0.0,0.0,0.028962962962962965,0.03839969280245758,0.18857142857142858,0.75,1.0,1.0,0.0,0.0,0.0,0.0,1.0,0.0,0.32708227741172496,0.3654333502280791,1
LP002243,0.0,1.0,0.0,0.0,0.037160493827160496,0.07526339789281686,0.19285714285714287,0.75,0.0,1.0,0.0,0.0,0.0,0.0,0.0,1.0,0.21477383664171817,0.23462414578587698,0
LP002244,0.0,1.0,1.0,0.0,0.02880246913580247,0.05800753593971248,0.19428571428571428,0.75,1.0,1.0,0.0,0.0,0.0,0.0,0.0,1.0,0.279953216374269,0.30357894736842106,1
LP002250,0.0,1.0,1.0,0.0,0.06775308641975308,0.0,0.17857142857142858,0.75,1.0,1.0,0.0,0.0,0.0,1.0,0.0,0.0,0.22270813087139615,0.2627551020408163,1
LP002255,0.0,0.0,1.0,0.0,0.11317283950617284,0.0,0.2642857142857143,0.75,1.0,0.0,0.0,0.0,1.0,1.0,0.0,0.0,0.19732615783668472,0.15730337078651685,1
LP002262,0.0,1.0,1.0,0.0,0.11733333333333333,0.0,0.39285714285714285,0.75,1.0,0.0,0.0,0.0,1.0,1.0,0.0,0.0,0.28292181069958844,0.15172558922558924,1
LP002263,0.0,1.0,1.0,0.0,0.03188888888888889,0.050759593923248615,0.17142857142857143,0.75,1.0,1.0,0.0,0.0,0.0,0.0,0.0,1.0,0.24975166737618845,0.306939123031077,1
LP002265,0.0,1.0,0.0,0.0,0.02460493827160494,0.03899968800249598,0.16142857142857142,0.375,1.0,0.0,0.0,1.0,0.0,0.0,1.0,0.0,0.3053866470118543,0.19928137092316198,1
LP002266,0.0,1.0,1.0,0.0,0.03827160493827161,0.03359973120215038,0.16142857142857142,0.75,1.0,0.0,0.0,1.0,0.0,0.0,0.0,1.0,0.24553086419753087,0.3204444444444445,1
LP002272,0.0,1.0,1.0,0.0,0.04044444444444444,0.011615907072743419,0.19285714285714287,0.75,1.0,0.0,0.0,1.0,0.0,0.0,1.0,0.0,0.35106382978723405,0.38351063829787235,1
LP002277,1.0,0.0,1.0,0.0,0.03925925925925926,0.0,0.10142857142857142,0.75,0.0,1.0,0.0,0.0,0.0,0.0,0.0,1.0,0.21830887491264847,0.45345911949685536,0
LP002281,0.0,1.0,1.0,0.0,0.03744444444444445,0.03501571987424101,0.1357142857142857,0.75,1.0,1.0,0.0,0.0,0.0,0.0,0.0,1.0,0.20678737508657366,0.3210151380231523,1
LP002284,0.0,0.0,0.0,0.0,0.04817283950617284,0.03998368013055895,0.15571428571428572,0.75,1.0,1.0,0.0,0.0,0.0,1.0,0.0,0.0,0.19141123882503192,0.25897988505747127,1
LP002287,1.0,0.0,1.0,0.0,0.018518518518518517,0.04319965440276478,0.14714285714285713,0.75,0.0,1.0,0.0,0.0,0.0,0.0,1.0,0.0,0.30518518518518517,0.43696969696969695,0
LP002288,0.0,1.0,0.0,0.0,0.035666666666666666,0.0,0.06428571428571428,0.375,0.0,0.0,0.0,1.0,0.0,0.0,0.0,1.0,0.15230183454482518,0.24956732433367948,0
LP002296,0.0,0.0,0.0,0.0,0.034012345679012346,0.0,0.09285714285714286,0.625,1.0,1.0,0.0,0.0,0.0,1.0,0.0,0.0,0.23069167170800564,0.4361766485178463,0
LP002297,0.0,0.0,1.0,0.0,0.030864197530864196,0.47999616003071977,0.14714285714285713,0.75,1.0,1.0,0.0,0.0,0.0,0.0,1.0,0.0,0.04476049382716049,0.06408888888888889,1
LP002300,1.0,0.0,0.0,0.0,0.024234567901234568,0.0,0.07571428571428572,0.75,1.0,1.0,0.0,0.0,0.0,0.0,1.0,0.0,0.26399501896190636,0.7345899133978604,1
LP002301,1.0,0.0,1.0,1.0,0.0918641975308642,0.0,0.27714285714285714,0.75,1.0,1.0,0.0,0.0,0.0,1.0,0.0,0.0,0.25492392002269704,0.19379115710253997,0
LP002305,1.0,0.0,1.0,0.0,0.056135802469135805,0.0,0.16428571428571428,0.75,1.0,1.0,0.0,0.0,0.0,0.0,1.0,0.0,0.24729369792048478,0.3171321750604794,1
LP002308,0.0,1.0,0.0,0.0,0.026753086419753085,0.05759953920368637,0.16428571428571428,0.75,1.0,1.0,0.0,0.0,0.0,0.0,0.0,1.0,0.24621073887550785,0.3157433763958835,1
LP002314,1.0,0.0,0.0,0.0,0.027320987654320988,0.0,0.09428571428571429,0.75,1.0,1.0,0.0,0.0,0.0,1.0,0.0,0.0,0.29161018225636387,0.6516041572525983,1
LP002315,0.0,1.0,1.0,0.0,0.10246913580246914,0.0,0.21714285714285714,0.625,0.0,0.0,1.0,0.0,0.0,0.0,1.0,0.0,0.17906291834002677,0.14477911646586344,0
LP002317,0.0,1.0,1.0,0.0,1.0,0.0,0.5142857142857142,0.75,0.0,0.0,0.0,0.0,1.0,1.0,0.0,0.0,0.04345679012345679,0.017802469135802468,0
LP002318,1.0,0.0,0.0,1.0,0.04774074074074074,0.0,0.08857142857142856,0.75,1.0,0.0,1.0,0.0,0.0,0.0,1.0,0.0,0.1567680947044795,0.3728988880268942,0
LP002319,0.0,1.0,1.0,0.0,0.07723456790123456,0.0,0.22857142857142856,0.75,1.0,1.0,0.0,0.0,0.0,0.0,0.0,1.0,0.25007104290991755,0.23049872122762147,1
LP002328,0.0,1.0,0.0,0.0,0.07525925925925926,0.0,0.31142857142857144,0.75,0.0,1.0,0.0,0.0,0.0,1.0,0.0,0.0,0.34966462525517644,0.2365485564304462,0
LP002332,0.0,1.0,0.0,0.0,0.027814814814814817,0.04879160966712266,0.15714285714285714,0.75,1.0,1.0,0.0,0.0,0.0,1.0,0.0,0.0,0.250946233214082,0.3364442370508633,1
LP002335,1.0,1.0,0.0,0.0,0.026530864197530864,0.07768737850097199,0.2542857142857143,0.75,0.0,1.0,0.0,0.0,0.0,0.0,1.0,0.0,0.32314230309031644,0.2677311548458968,0
LP002337,1.0,0.0,1.0,0.0,0.03697530864197531,0.0,0.08571428571428572,0.75,1.0,1.0,0.0,0.0,0.0,0.0,0.0,1.0,0.19588202559821924,0.48146911519198665,1
LP002341,1.0,0.0,1.0,0.0,0.03209876543209877,0.0,0.22857142857142856,0.75,1.0,0.0,1.0,0.0,0.0,0.0,0.0,1.0,0.6017094017094017,0.5546153846153846,0
LP002342,0.0,1.0,1.0,1.0,0.019753086419753086,0.47999616003071977,0.3414285714285714,0.75,1.0,0.0,0.0,1.0,0.0,0.0,0.0,1.0,0.10818930041152264,0.06675925925925925,0
LP002345,0.0,1.0,1.0,0.0,0.012654320987654321,0.06655146758825929,0.16,0.75,1.0,1.0,0.0,0.0,0.0,1.0,0.0,0.0,0.2883388918144052,0.37967351237493413,1
LP002347,0.0,1.0,1.0,0.0,0.040074074074074074,0.034007727938176496,0.19714285714285715,0.75,1.0,1.0,0.0,0.0,0.0,0.0,1.0,0.0,0.28937021945814567,0.3092429766244907,1
LP002348,0.0,1.0,1.0,0.0,0.07196296296296296,0.0,0.19714285714285715,0.75,1.0,1.0,0.0,0.0,0.0,1.0,0.0,0.0,0.23148624692628808,0.24738377080116658,1
LP002357,1.0,0.0,0.0,0.0,0.03358024691358025,0.0,0.11428571428571428,0.75,0.0,1.0,0.0,0.0,0.0,0.0,0.0,1.0,0.2875816993464052,0.5301470588235294,0
LP002361,0.0,1.0,1.0,0.0,0.022469135802469137,0.04125566995464036,0.14285714285714285,0.75,1.0,1.0,0.0,0.0,0.0,0.0,0.0,1.0,0.2762864588238988,0.40745973438824523,1
LP002362,0.0,1.0,1.0,0.0,0.08950617283950617,0.04000767993856049,0.15714285714285714,0.75,0.0,0.0,1.0,0.0,0.0,0.0,0.0,1.0,0.12061854385505838,0.16171358080071774,0
LP002364,0.0,1.0,1.0,0.0,0.1837037037037037,0.0,0.13714285714285715,0.75,1.0,1.0,0.0,0.0,0.0,0.0,1.0,0.0,0.06308243727598566,0.09690860215053763,1
LP002366,0.0,1.0,1.0,0.0,0.03291358024691358,0.10319917440660474,0.17285714285714285,0.75,1.0,1.0,0.0,0.0,0.0,1.0,0.0,0.0,0.16984081411299326,0.20700545506747056,1
LP002367,1.0,0.0,0.0,0.0,0.0568641975308642,0.0,0.11571428571428571,0.75,1.0,0.0,1.0,0.0,0.0,1.0,0.0,0.0,0.17194963091619625,0.3130699088145897,0
LP002368,0.0,1.0,1.0,0.0,0.0732716049382716,0.0,0.19,0.75,1.0,0.0,0.0,1.0,0.0,0.0,1.0,0.0,0.21911448095104372,0.24296545914069081,1
LP002369,0.0,1.0,1.0,0.0,0.036049382716049384,0.0003868769251445988,0.12428571428571429,0.75,1.0,1.0,0.0,0.0,0.0,1.0,0.0,0.0,0.28972476139370934,0.49112434082648376,1
LP002370,0.0,0.0,0.0,0.0,0.03354320987654321,0.0,0.08571428571428572,0.375,1.0,1.0,0.0,0.0,0.0,0.0,0.0,1.0,0.21592442645074222,0.2653662127346338,1
LP002377,1.0,0.0,1.0,1.0,0.10646913580246914,0.0,0.21428571428571427,0.75,1.0,0.0,1.0,0.0,0.0,0.0,1.0,0.0,0.17006802721088435,0.1672077922077922,1
LP002379,0.0,0.0,1.0,0.0,0.08024691358024691,0.0,0.15,0.75,0.0,1.0,0.0,0.0,0.0,1.0,0.0,0.0,0.15794871794871795,0.22184615384615386,0
LP002386,0.0,0.0,1.0,0.0,0.15896296296296297,0.0,0.5785714285714286,0.75,1.0,1.0,0.0,0.0,0.0,0.0,1.0,0.0,0.3075489282385834,0.11199130164647406,1
LP002387,0.0,1.0,1.0,0.0,0.029938271604938272,0.05615955072359421,0.2042857142857143,0.75,1.0,1.0,0.0,0.0,0.0,0.0,1.0,0.0,0.2934359333100151,0.3026232948583421,1
LP002390,0.0,0.0,1.0,0.0,0.046296296296296294,0.0,0.14285714285714285,0.75,1.0,1.0,0.0,0.0,0.0,0.0,0.0,1.0,0.2607407407407407,0.38453333333333334,1
LP002393,1.0,0.0,1.0,0.0,0.12403703703703704,0.0,0.3457142857142857,0.5,1.0,1.0,0.0,0.0,0.0,0.0,1.0,0.0,0.23551530031076162,0.09568362031783949,1
LP002398,0.0,0.0,1.0,0.0,0.023777777777777776,0.04442364461084311,0.07142857142857142,0.75,1.0,1.0,0.0,0.0,0.0,0.0,1.0,0.0,0.12943841379107462,0.3817844850410379,1
LP002401,0.0,1.0,1.0,0.0,0.027320987654320988,0.026999784001727985,0.07142857142857142,0.75,1.0,1.0,0.0,0.0,0.0,0.0,0.0,1.0,0.1464616203981093,0.43199520671060515,1
LP002403,0.0,0.0,1.0,1.0,0.1285925925925926,0.0,0.2671428571428571,0.75,0.0,1.0,0.0,0.0,0.0,0.0,0.0,1.0,0.17554190134835296,0.13844086021505378,0
LP002407,1.0,1.0,0.0,1.0,0.08817283950617284,0.0,0.19714285714285715,0.75,1.0,1.0,0.0,0.0,0.0,1.0,0.0,0.0,0.1889293381872491,0.20190422850742087,1
LP002408,0.0,0.0,1.0,0.0,0.04518518518518518,0.12153502771977824,0.2671428571428571,0.75,1.0,1.0,0.0,0.0,0.0,0.0,1.0,0.0,0.20958785470477354,0.16529115084823476,1
LP002409,0.0,1.0,1.0,0.0,0.0975432098765432,0.043991648066815464,0.2571428571428571,0.75,1.0,1.0,0.0,0.0,0.0,1.0,0.0,0.0,0.18080953359358948,0.1481405383192932,1
LP002418,0.0,0.0,0.0,0.0,0.05811111111111111,0.04783161734706123,0.21142857142857144,0.75,1.0,0.0,0.0,0.0,1.0,0.0,1.0,0.0,0.21598673300165835,0.21522388059701492,1
LP002422,0.0,0.0,1.0,0.0,0.4656666666666667,0.0,0.21714285714285714,0.75,1.0,0.0,1.0,0.0,0.0,0.0,1.0,0.0,0.03940248209714526,0.03823006972613272,1
LP002424,0.0,1.0,1.0,0.0,0.09053086419753087,0.19999040007679939,0.25,0.625,0.0,1.0,0.0,0.0,0.0,1.0,0.0,0.0,0.10922450600734783,0.07670539171879655,1
LP002429,0.0,1.0,1.0,1.0,0.042790123456790126,0.029039767681858546,0.18571428571428572,0.75,1.0,0.0,1.0,0.0,0.0,1.0,0.0,0.0,0.27183727782530176,0.3083832335329341,1
LP002434,0.0,1.0,0.0,0.0,0.0574320987654321,0.0,0.15714285714285714,0.75,1.0,0.0,0.0,1.0,0.0,1.0,0.0,0.0,0.23120282793541605,0.3099742046431642,1
LP002435,0.0,1.0,1.0,0.0,0.04369135802469136,0.033023735810113516,0.07857142857142857,0.75,1.0,1.0,0.0,0.0,0.0,1.0,0.0,0.0,0.10941562111450208,0.2933875890132248,0
LP002443,0.0,1.0,1.0,0.0,0.041234567901234566,0.04103967168262654,0.21428571428571427,0.75,0.0,0.0,0.0,1.0,0.0,1.0,0.0,0.0,0.2904290429042904,0.2855445544554455,0
LP002444,0.0,0.0,0.0,1.0,0.034185185185185187,0.03700770393836849,0.2714285714285714,0.75,1.0,0.0,1.0,0.0,0.0,0.0,1.0,0.0,0.43093894172530217,0.3344931570401299,0
LP002446,0.0,1.0,0.0,0.0,0.028506172839506173,0.030119759041927666,0.17857142857142858,0.75,0.0,0.0,0.0,1.0,0.0,1.0,0.0,0.0,0.34293552812071326,0.4046015712682379,0
LP002447,0.0,1.0,0.0,0.0,0.024172839506172838,0.0349437204502364,0.08571428571428572,0.625,0.0,0.0,0.0,1.0,0.0,0.0,0.0,1.0,0.17184143721929312,0.35198203475883616,1
LP002448,0.0,1.0,1.0,0.0,0.048740740740740744,0.041591667266661865,0.21285714285714286,0.75,0.0,1.0,0.0,0.0,0.0,1.0,0.0,0.0,0.25644937315417865,0.2538285513113889,0
LP002449,0.0,1.0,1.0,0.0,0.03065432098765432,0.059183526531787746,0.12857142857142856,0.375,0.0,1.0,0.0,0.0,0.0,1.0,0.0,0.0,0.17781369973732064,0.1456859971711457,1
LP002453,0.0,0.0,1.0,1.0,0.08746913580246914,0.0,0.12,0.75,1.0,1.0,0.0,0.0,0.0,0.0,1.0,0.0,0.11592566454951776,0.2035285815102329,1
LP002455,0.0,1.0,1.0,0.0,0.047641975308641976,0.0,0.13714285714285715,0.75,1.0,0.0,0.0,1.0,0.0,0.0,1.0,0.0,0.24324090869828105,0.3736719357346463,1
LP002459,0.0,1.0,1.0,0.0,0.053098765432098766,0.0,0.16857142857142857,0.75,1.0,1.0,0.0,0.0,0.0,0.0,0.0,1.0,0.2682580278488207,0.3352708672401767,1
LP002467,0.0,1.0,1.0,0.0,0.04577777777777778,0.06165550675594595,0.24714285714285714,0.75,1.0,1.0,0.0,0.0,0.0,0.0,0.0,1.0,0.2694847149204326,0.22972757686793055,0
LP002472,0.0,0.0,1.0,0.0,0.053753086419753085,0.0,0.19428571428571428,0.75,1.0,0.0,0.0,1.0,0.0,1.0,0.0,0.0,0.3054151993058745,0.33118971061093244,1
LP002473,0.0,1.0,1.0,0.0,0.10288888888888889,0.0,0.22857142857142856,0.75,1.0,1.0,0.0,0.0,0.0,0.0,1.0,0.0,0.18771831586806387,0.1730261579073674,0
LP002478,0.0,1.0,1.0,1.0,0.02571604938271605,0.09799121607027143,0.22857142857142856,0.75,1.0,1.0,0.0,0.0,0.0,0.0,1.0,0.0,0.25372112300428873,0.23386312033733375,1
LP002484,0.0,1.0,1.0,0.0,0.09555555555555556,0.0,0.18285714285714286,0.375,1.0,0.0,0.0,0.0,1.0,0.0,0.0,1.0,0.1616996841803043,0.09315245478036176,1
LP002487,0.0,1.0,1.0,0.0,0.03722222222222222,0.05251157990736074,0.21857142857142858,0.75,1.0,1.0,0.0,0.0,0.0,1.0,0.0,0.0,0.28752642706131076,0.2771477993465309,1
LP002489,1.0,0.0,0.0,1.0,0.06408641975308642,0.0,0.18857142857142858,0.75,1.0,0.0,1.0,0.0,0.0,0.0,1.0,0.0,0.2486354588069094,0.27778848006164514,1
LP002493,0.0,0.0,1.0,0.0,0.0514320987654321,0.0,0.14,0.75,0.0,1.0,0.0,0.0,0.0,0.0,1.0,0.0,0.23001013495492612,0.3461353816610658,0
LP002494,0.0,0.0,1.0,0.0,0.07407407407407407,0.0,0.2,0.75,1.0,1.0,0.0,0.0,0.0,1.0,0.0,0.0,0.22814814814814816,0.24033333333333332,1
LP002500,0.0,1.0,0.0,0.0,0.036382716049382716,0.039935680514555885,0.1,0.375,0.0,0.0,0.0,0.0,1.0,0.0,0.0,1.0,0.14843731174245162,0.15636521361960531,0
LP002501,1.0,1.0,1.0,0.0,0.20607407407407408,0.0,0.15714285714285714,0.75,1.0,1.0,0.0,0.0,0.0,0.0,1.0,0.0,0.06443539153819527,0.08638868919242751,1
LP002502,1.0,1.0,0.0,0.0,0.0025925925925925925,0.07000743994048048,0.14,0.75,1.0,0.0,0.0,1.0,0.0,0.0,1.0,0.0,0.30643499271577296,0.46114486728493764,1
LP002505,0.0,1.0,1.0,0.0,0.05349382716049383,0.058823529411764705,0.15714285714285714,0.75,1.0,1.0,0.0,0.0,0.0,0.0,0.0,1.0,0.15854297693920336,0.21255896226415094,0
LP002515,0.0,1.0,1.0,1.0,0.04259259259259259,0.049895600835193316,0.23142857142857143,0.75,1.0,0.0,1.0,0.0,0.0,0.0,1.0,0.0,0.2864894194248508,0.26080665581479473,1
LP002517,0.0,1.0,0.0,0.0,0.03275308641975309,0.03599971200230398,0.16142857142857142,0.375,0.0,0.0,1.0,0.0,0.0,1.0,0.0,0.0,0.26604596409556674,0.1736094389597881,0
LP002519,0.0,1.0,1.0,0.0,0.05791358024691358,0.0,0.14285714285714285,0.75,1.0,0.0,0.0,0.0,1.0,0.0,1.0,0.0,0.20843695966271109,0.30739714346621194,1
LP002522,1.0,0.0,1.0,1.0,0.030864197530864196,0.0,0.13285714285714287,0.75,1.0,1.0,0.0,0.0,0.0,0.0,0.0,1.0,0.3637333333333333,0.5768,1
LP002524,0.0,0.0,1.0,0.0,0.0682962962962963,0.11155110759113927,0.23142857142857143,0.75,1.0,0.0,0.0,1.0,0.0,1.0,0.0,0.0,0.1555992141453831,0.14165029469548132,1
LP002527,0.0,1.0,1.0,1.0,0.20401234567901236,0.02433580531355749,0.21428571428571427,0.75,1.0,0.0,0.0,1.0,0.0,1.0,0.0,0.0,0.08362316361632172,0.08221677404641085,1
LP002529,0.0,1.0,1.0,0.0,0.08271604938271605,0.04199966400268798,0.32857142857142857,0.625,1.0,0.0,0.0,1.0,0.0,0.0,1.0,0.0,0.26614069690992764,0.14220907297830376,1
LP002530,0.0,1.0,1.0,0.0,0.03546913580246914,0.04492764057887537,0.18857142857142858,0.75,0.0,0.0,0.0,1.0,0.0,0.0,1.0,0.0,0.2720056199508254,0.30389884088514224,0
LP002531,0.0,1.0,1.0,1.0,0.20576543209876544,0.05399956800345597,0.12285714285714286,0.75,1.0,0.0,1.0,0.0,0.0,0.0,1.0,0.0,0.044451492778394504,0.07622773166992652,1
LP002533,0.0,1.0,1.0,0.0,0.036382716049382716,0.03847169222646219,0.12857142857142856,0.75,1.0,0.0,0.0,1.0,0.0,0.0,0.0,1.0,0.19340659340659339,0.3169230769230769,0
LP002534,1.0,0.0,0.0,0.0,0.053703703703703705,0.0,0.22,0.75,1.0,1.0,0.0,0.0,0.0,1.0,0.0,0.0,0.3461558109833972,0.3314942528735632,1
LP002536,0.0,1.0,0.0,0.0,0.03820987654320988,0.0,0.16142857142857142,0.75,1.0,0.0,0.0,0.0,1.0,1.0,0.0,0.0,0.35699156345359895,0.46591276252019387,1
LP002537,0.0,1.0,1.0,0.0,0.02571604938271605,0.07559939520483835,0.18285714285714286,0.75,1.0,1.0,0.0,0.0,0.0,0.0,1.0,0.0,0.23916597660148203,0.27555895279954135,1
LP002541,0.0,1.0,1.0,0.0,0.13374074074074074,0.0,0.3342857142857143,0.75,1.0,1.0,0.0,0.0,0.0,0.0,1.0,0.0,0.21120649866149727,0.13311178805501708,1
LP002543,0.0,1.0,1.0,0.0,0.10287654320987655,0.0,0.3514285714285714,0.75,1.0,0.0,0.0,1.0,0.0,0.0,1.0,0.0,0.28865154606184246,0.17304692187687506,1
LP002544,0.0,1.0,0.0,0.0,0.024172839506172838,0.058463532291741664,0.18714285714285714,0.75,1.0,0.0,1.0,0.0,0.0,1.0,0.0,0.0,0.29150862286956963,0.32817478379608556,1
LP002545,0.0,0.0,1.0,0.0,0.04379012345679013,0.0,0.11428571428571428,0.75,0.0,0.0,0.0,1.0,0.0,1.0,0.0,0.0,0.22053065188108883,0.4065407386523823,0
LP002547,0.0,1.0,1.0,0.0,0.22633333333333333,0.0,0.7142857142857143,0.75,1.0,0.0,1.0,0.0,0.0,0.0,0.0,1.0,0.266671515239671,0.07865597556319205,0
LP002555,0.0,1.0,1.0,1.0,0.05658024691358025,0.049991600067199465,0.22857142857142856,0.75,1.0,0.0,0.0,1.0,0.0,0.0,1.0,0.0,0.23469013568023467,0.21632163216321632,1
LP002556,0.0,0.0,1.0,0.0,0.03006172839506173,0.0,0.10714285714285714,0.75,1.0,1.0,0.0,0.0,0.0,0.0,0.0,1.0,0.30116358658453113,0.5921971252566735,0
LP002560,0.0,0.0,0.0,0.0,0.03332098765432099,0.06683946528427773,0.13714285714285715,0.75,1.0,1.0,0.0,0.0,0.0,0.0,1.0,0.0,0.1711646000486263,0.2629467541940189,1
LP002562,0.0,1.0,0.0,0.0,0.06583950617283951,0.027143782849737202,0.26571428571428574,0.75,1.0,0.0,1.0,0.0,0.0,0.0,0.0,1.0,0.28135313531353134,0.22308168316831684,1
LP002571,0.0,0.0,0.0,0.0,0.0455679012345679,0.0,0.15714285714285714,0.75,1.0,1.0,0.0,0.0,0.0,1.0,0.0,0.0,0.2913995002859809,0.3906800325115145,1
LP002582,1.0,0.0,0.0,1.0,0.21312345679012346,0.0,0.32142857142857145,0.75,1.0,1.0,0.0,0.0,0.0,0.0,1.0,0.0,0.1274401900017378,0.08353125181022997,1
LP002585,0.0,1.0,1.0,0.0,0.04440740740740741,0.051767585859313126,0.17,0.75,0.0,1.0,0.0,0.0,0.0,1.0,0.0,0.0,0.20221681535550146,0.25060827250608275,0
LP002586,1.0,1.0,1.0,0.0,0.041061728395061725,0.021911824705402358,0.15,0.175,1.0,0.0,1.0,0.0,0.0,0.0,1.0,0.0,0.24219548635684515,0.07937406621058425,1
LP002587,0.0,1.0,0.0,0.0,0.03209876543209877,0.04079967360261118,0.15285714285714286,0.75,1.0,1.0,0.0,0.0,0.0,1.0,0.0,0.0,0.24330749354005168,0.3353488372093023,1
LP002588,0.0,1.0,1.0,0.0,0.05709876543209876,0.06856745146038831,0.15857142857142856,0.025,1.0,1.0,0.0,0.0,0.0,0.0,0.0,1.0,0.14505925331907688,0.0064243072262318455,1
LP002600,0.0,1.0,1.0,1.0,0.03574074074074074,0.0,0.1357142857142857,0.75,1.0,0.0,1.0,0.0,0.0,0.0,1.0,0.0,0.3208597198234504,0.49810017271157164,1
LP002602,0.0,0.0,1.0,0.0,0.0775679012345679,0.10598315213478292,0.2985714285714286,0.75,0.0,1.0,0.0,0.0,0.0,1.0,0.0,0.0,0.19100435139317276,0.13477895130386017,0
LP002603,1.0,0.0,1.0,0.0,0.007962962962962963,0.08839129286965704,0.16142857142857142,1.0,1.0,1.0,0.0,0.0,0.0,1.0,0.0,0.0,0.2552885602793181,0.44423906346272335,1
LP002606,1.0,0.0,1.0,0.0,0.039,0.0,0.14285714285714285,0.75,1.0,1.0,0.0,0.0,0.0,0.0,1.0,0.0,0.30952129717561816,0.4564735675846787,1
LP002615,0.0,1.0,1.0,0.0,0.06006172839506173,0.1349749202006384,0.29714285714285715,0.75,1.0,0.0,0.0,1.0,0.0,0.0,1.0,0.0,0.19389625109903497,0.13747735723138524,1
LP002618,0.0,1.0,0.0,0.0,0.05,0.1272469820241438,0.19714285714285715,0.75,1.0,0.0,1.0,0.0,0.0,1.0,0.0,0.0,0.14428286284573708,0.15419161676646706,0
LP002619,0.0,1.0,0.0,0.0,0.04708641975308642,0.03559171526627787,0.17714285714285713,0.625,1.0,1.0,0.0,0.0,0.0,0.0,1.0,0.0,0.22889266461099572,0.22685796992008056,1
LP002622,0.0,1.0,1.0,0.0,0.043333333333333335,0.10598315213478292,0.34714285714285714,0.75,1.0,0.0,0.0,1.0,0.0,1.0,0.0,0.0,0.29977289931869794,0.18193287913197073,1
LP002624,0.0,1.0,1.0,0.0,0.25719753086419755,0.16000671994624044,0.6857142857142857,0.75,0.0,1.0,0.0,0.0,0.0,0.0,0.0,1.0,0.17066666666666666,0.052436363636363635,1
LP002625,1.0,0.0,1.0,0.0,0.04423456790123457,0.0,0.13714285714285715,0.75,1.0,1.0,0.0,0.0,0.0,0.0,0.0,1.0,0.26197785840543303,0.40245604242255095,0
LP002626,0.0,1.0,1.0,1.0,0.030604938271604938,0.07231142150862793,0.26857142857142857,0.75,1.0,1.0,0.0,0.0,0.0,0.0,0.0,1.0,0.33470907178117665,0.26256372906045156,1
LP002634,1.0,0.0,1.0,0.0,0.1637283950617284,0.0,0.05714285714285714,0.75,1.0,0.0,1.0,0.0,0.0,0.0,0.0,1.0,0.02949111077598485,0.10873171467350325,1
LP002637,0.0,0.0,0.0,0.0,0.04441975308641975,0.030887752897976815,0.14285714285714285,0.75,1.0,1.0,0.0,0.0,0.0,1.0,0.0,0.0,0.20015921755942226,0.29518935516888434,0
LP002640,0.0,1.0,1.0,0.0,0.07487654320987654,0.04809561523507812,0.35714285714285715,0.75,1.0,0.0,1.0,0.0,0.0,0.0,1.0,0.0,0.3029426749838201,0.17870863799727352,1
LP002643,0.0,1.0,1.0,0.0,0.040530864197530866,0.04883960928312574,0.21142857142857144,0.75,1.0,0.0,0.0,1.0,0.0,0.0,0.0,1.0,0.27211566587271735,0.27115456938698757,1
LP002648,0.0,1.0,1.0,0.0,0.026296296296296297,0.1599827201382389,0.1,0.375,1.0,1.0,0.0,0.0,0.0,0.0,1.0,0.0,0.07781314739022788,0.08196907685311505,0
LP002652,0.0,0.0,1.0,0.0,0.07179012345679012,0.08798329613363093,0.4442857142857143,0.75,1.0,1.0,0.0,0.0,0.0,1.0,0.0,0.0,0.3207350373261142,0.15209366100622299,0
LP002659,0.0,1.0,1.0,0.0,0.042790123456790126,0.08227134182926536,0.21428571428571427,0.75,1.0,0.0,0.0,0.0,1.0,1.0,0.0,0.0,0.21274538245817617,0.20916739193501593,1
LP002670,1.0,1.0,1.0,0.0,0.025074074074074075,0.03916768665850673,0.16142857142857142,1.0,1.0,0.0,0.0,1.0,0.0,0.0,1.0,0.0,0.30163496830163494,0.5248885248885249,1
LP002682,0.0,1.0,0.0,0.0,0.03795061728395062,0.04319965440276478,0.1757142857142857,0.75,0.0,1.0,0.0,0.0,0.0,0.0,1.0,0.0,0.24675147038708795,0.2958555601148954,0
LP002683,0.0,0.0,1.0,0.0,0.05781481481481481,0.04595963232294142,0.2642857142857143,0.75,1.0,1.0,0.0,0.0,0.0,0.0,1.0,0.0,0.2741571519989222,0.21855107608366173,0
LP002684,1.0,0.0,0.0,0.0,0.04197530864197531,0.0,0.1357142857142857,0.75,1.0,1.0,0.0,0.0,0.0,1.0,0.0,0.0,0.27320261437908494,0.42411764705882354,0
LP002689,0.0,1.0,0.0,0.0,0.02706172839506173,0.04180766553867569,0.06428571428571428,0.75,1.0,0.0,0.0,1.0,0.0,0.0,1.0,0.0,0.11184544992374172,0.3665480427046263,1
LP002690,0.0,0.0,1.0,0.0,0.030864197530864196,0.0,0.07857142857142857,0.75,1.0,1.0,0.0,0.0,0.0,0.0,1.0,0.0,0.2151111111111111,0.5768,1
LP002692,0.0,1.0,1.0,1.0,0.07008641975308642,0.034175726594187245,0.14285714285714285,0.75,1.0,0.0,0.0,0.0,1.0,1.0,0.0,0.0,0.13769578619599743,0.20306999014223348,1
LP002693,0.0,1.0,1.0,1.0,0.09812345679012345,0.1719826241390069,0.6857142857142857,0.75,1.0,0.0,0.0,1.0,0.0,1.0,0.0,0.0,0.3105288694808345,0.09540823077940981,1
LP002697,0.0,0.0,1.0,0.0,0.057777777777777775,0.05008759929920561,0.22857142857142856,0.75,1.0,1.0,0.0,0.0,0.0,0.0,1.0,0.0,0.23118729783426104,0.2130929510861534,0
LP002699,0.0,1.0,1.0,1.0,0.21604938271604937,0.0,0.5714285714285714,0.75,1.0,0.0,0.0,1.0,0.0,1.0,0.0,0.0,0.2234920634920635,0.0824,1
LP002705,0.0,1.0,1.0,0.0,0.04660493827160494,0.0,0.15714285714285714,0.75,1.0,1.0,0.0,0.0,0.0,0.0,1.0,0.0,0.28491537895511404,0.38198675496688744,1
LP002706,0.0,1.0,0.0,0.0,0.06524691358024691,0.03431972544219646,0.23,0.75,0.0,0.0,1.0,0.0,0.0,0.0,1.0,0.0,0.2344336890874493,0.21474311243484734,1
LP002714,0.0,0.0,0.0,0.0,0.033074074074074075,0.031247750017999856,0.13428571428571429,0.75,1.0,0.0,1.0,0.0,0.0,0.0,1.0,0.0,0.23087443132657903,0.3622205476011053,1
LP002716,0.0,0.0,0.0,0.0,0.08374074074074074,0.0,0.18571428571428572,0.75,1.0,1.0,0.0,0.0,0.0,0.0,1.0,0.0,0.18739659606532671,0.21259029927760578,1
LP002717,0.0,1.0,1.0,0.0,0.012654320987654321,0.13199894400844794,0.30857142857142855,0.75,0.0,1.0,0.0,0.0,0.0,1.0,0.0,0.0,0.3236781609195402,0.22099616858237547,1
LP002720,0.0,1.0,1.0,0.0,0.05285185185185185,0.0,0.14285714285714285,0.75,1.0,0.0,0.0,0.0,1.0,0.0,0.0,1.0,0.2283993874743699,0.33683718757299697,1
LP002723,0.0,0.0,1.0,0.0,0.0442962962962963,0.0,0.15714285714285714,0.75,0.0,0.0,0.0,1.0,0.0,1.0,0.0,0.0,0.2997646475907345,0.4018952062430323,0
LP002729,0.0,0.0,1.0,0.0,0.1388888888888889,0.0,0.28,0.75,1.0,0.0,1.0,0.0,0.0,0.0,1.0,0.0,0.1703506172839506,0.12817777777777778,0
LP002731,1.0,0.0,0.0,1.0,0.22425925925925927,0.0,0.17857142857142858,0.75,1.0,1.0,0.0,0.0,0.0,0.0,0.0,1.0,0.06728446034804415,0.079383429672447,1
LP002732,0.0,0.0,0.0,0.0,0.03148148148148148,0.049007607939136485,0.18,0.75,1.0,1.0,0.0,0.0,0.0,1.0,0.0,0.0,0.26829268292682923,0.31402439024390244,1
LP002734,0.0,1.0,1.0,0.0,0.07571604938271605,0.09374325005399957,0.46285714285714286,0.75,1.0,1.0,0.0,0.0,0.0,0.0,0.0,1.0,0.3155692798087459,0.14363980476143043,1
LP002738,0.0,0.0,1.0,0.0,0.044654320987654324,0.0,0.15285714285714286,0.75,1.0,0.0,0.0,1.0,0.0,0.0,1.0,0.0,0.289251374681289,0.39867293337019627,1
LP002739,0.0,1.0,0.0,0.0,0.03601234567901235,0.01286389708882329,0.09428571428571429,0.75,1.0,1.0,0.0,0.0,0.0,1.0,0.0,0.0,0.18689062650835023,0.41760787720822473,0
LP002740,0.0,1.0,1.0,0.0,0.07922222222222222,0.0,0.22428571428571428,0.375,1.0,0.0,0.0,0.0,1.0,1.0,0.0,0.0,0.23922566793067027,0.11235779959482624,1
LP002741,1.0,1.0,1.0,0.0,0.05688888888888889,0.06827945376436989,0.2,0.375,1.0,0.0,1.0,0.0,0.0,0.0,1.0,0.0,0.18366951414046542,0.09673956795921104,1
LP002743,1.0,0.0,1.0,0.0,0.02639506172839506,0.0,0.14142857142857143,0.75,0.0,1.0,0.0,0.0,0.0,0.0,1.0,0.0,0.4527595884003741,0.6744621141253508,0
LP002753,1.0,0.0,1.0,0.0,0.04508641975308642,0.0,0.1357142857142857,0.75,1.0,0.0,1.0,0.0,0.0,0.0,1.0,0.0,0.2543507362784471,0.39485213581599127,1
LP002755,0.0,1.0,0.0,0.0,0.027641975308641976,0.060575515395876835,0.18285714285714286,0.75,1.0,0.0,1.0,0.0,0.0,0.0,0.0,1.0,0.26276623043366687,0.30275036741549444,1
LP002757,1.0,1.0,0.0,0.0,0.03724691358024691,0.01591187270501836,0.1457142857142857,0.75,1.0,1.0,0.0,0.0,0.0,0.0,1.0,0.0,0.27101449275362316,0.39184782608695656,1
LP002767,0.0,1.0,1.0,0.0,0.034172839506172836,0.04679962560299518,0.22142857142857142,0.75,1.0,1.0,0.0,0.0,0.0,1.0,0.0,0.0,0.32122839244500967,0.3056379821958457,1
LP002768,0.0,0.0,0.0,0.0,0.04145679012345679,0.0,0.11428571428571428,0.075,1.0,1.0,0.0,0.0,0.0,0.0,1.0,0.0,0.2329428892859506,0.04294222751637879,0
LP002772,0.0,0.0,1.0,0.0,0.031185185185185184,0.04279165766673867,0.20714285714285716,0.75,1.0,1.0,0.0,0.0,0.0,1.0,0.0,0.0,0.3290271008999252,0.3346484103040148,1
LP002776,1.0,0.0,1.0,0.0,0.06172839506172839,0.0,0.14714285714285713,0.75,0.0,1.0,0.0,0.0,0.0,0.0,1.0,0.0,0.20142222222222222,0.2884,0
LP002777,0.0,1.0,1.0,0.0,0.034382716049382714,0.048383612931096553,0.15714285714285714,0.75,1.0,1.0,0.0,0.0,0.0,1.0,0.0,0.0,0.22402740169872018,0.3003540928973131,1
LP002778,0.0,1.0,1.0,1.0,0.08188888888888889,0.0,0.29285714285714287,0.75,0.0,0.0,0.0,1.0,0.0,1.0,0.0,0.0,0.3021927400036853,0.21739785918890397,0
LP002784,0.0,1.0,0.0,0.0,0.030765432098765432,0.05699954400364797,0.25857142857142856,0.75,1.0,0.0,1.0,0.0,0.0,1.0,0.0,0.0,0.36362806200488546,0.2962810766385864,1
LP002785,0.0,1.0,1.0,0.0,0.04114814814814815,0.07799937600499196,0.2257142857142857,0.75,1.0,0.0,1.0,0.0,0.0,0.0,0.0,1.0,0.2346785491248502,0.2190490657754823,1
LP002788,0.0,1.0,0.0,0.0,0.030296296296296297,0.05599155206758346,0.25857142857142856,0.75,0.0,1.0,0.0,0.0,0.0,0.0,0.0,1.0,0.3697049880463292,0.3012325047002298,0
LP002789,0.0,1.0,1.0,0.0,0.04435802469135802,0.10238318093455252,0.18857142857142858,0.375,0.0,1.0,0.0,0.0,0.0,1.0,0.0,0.0,0.16422784917504346,0.09174195190227764,0
LP002792,0.0,1.0,1.0,0.0,0.06750617283950618,0.02476780185758514,0.037142857142857144,0.75,1.0,0.0,1.0,0.0,0.0,0.0,1.0,0.0,0.03911111111111111,0.22184615384615386,1
LP002794,1.0,0.0,1.0,0.0,0.03292592592592593,0.03899968800249598,0.12,0.75,1.0,1.0,0.0,0.0,0.0,0.0,0.0,1.0,0.1913637775706741,0.33597390493942214,1
LP002795,0.0,1.0,1.0,1.0,0.12517283950617283,0.0,0.37142857142857144,0.75,1.0,0.0,0.0,0.0,1.0,0.0,1.0,0.0,0.25073697822489616,0.14222309892494328,1
LP002798,0.0,1.0,1.0,0.0,0.04798765432098766,0.06405548755609955,0.23142857142857143,0.75,1.0,1.0,0.0,0.0,0.0,0.0,1.0,0.0,0.24161073825503354,0.21995118974984745,1
LP002804,1.0,1.0,1.0,0.0,0.051604938271604936,0.05534355725154199,0.26,0.75,1.0,1.0,0.0,0.0,0.0,0.0,1.0,0.0,0.2743687258025833,0.22232500770891148,1
LP002807,0.0,1.0,0.0,0.0,0.04537037037037037,0.0058079535363717094,0.15428571428571428,0.75,1.0,0.0,0.0,1.0,0.0,0.0,1.0,0.0,0.2695940770998213,0.36813888179729387,1
LP002813,1.0,1.0,1.0,1.0,0.2405432098765432,0.0,0.8571428571428571,0.75,1.0,0.0,1.0,0.0,0.0,0.0,1.0,0.0,0.3011017587079997,0.07400944364606857,1
LP002820,0.0,1.0,1.0,0.0,0.07312345679012346,0.04929560563515492,0.30142857142857143,0.75,1.0,1.0,0.0,0.0,0.0,1.0,0.0,0.0,0.2586324572033485,0.1807697129246584,1
LP002821,0.0,0.0,0.0,1.0,0.07160493827160494,0.0,0.18857142857142858,0.75,1.0,1.0,0.0,0.0,0.0,0.0,1.0,0.0,0.2225287356321839,0.24862068965517242,1
LP002832,0.0,1.0,1.0,0.0,0.10862962962962963,0.0,0.36857142857142855,0.75,0.0,0.0,0.0,1.0,0.0,0.0,0.0,1.0,0.28669924612645376,0.16388225934765313,0
LP002833,0.0,1.0,0.0,0.0,0.05514814814814815,0.0,0.17142857142857143,0.75,1.0,1.0,0.0,0.0,0.0,1.0,0.0,0.0,0.26266696515185434,0.32281173046787554,1
LP002836,0.0,0.0,1.0,0.0,0.04114814814814815,0.0,0.1,0.75,1.0,1.0,0.0,0.0,0.0,0.0,0.0,1.0,0.20535386872020536,0.43264326432643263,1
LP002837,0.0,1.0,1.0,0.0,0.04197530864197531,0.05999952000383997,0.1757142857142857,0.75,0.0,0.0,0.0,0.0,1.0,1.0,0.0,0.0,0.20384180790960452,0.24440677966101695,0
LP002840,1.0,0.0,1.0,0.0,0.029358024691358026,0.0,0.012857142857142857,0.75,1.0,1.0,0.0,0.0,0.0,0.0,0.0,1.0,0.03700588730025231,0.6063919259882253,0
LP002841,0.0,1.0,1.0,0.0,0.03908641975308642,0.04953560371517028,0.14857142857142858,0.75,0.0,1.0,0.0,0.0,0.0,0.0,0.0,1.0,0.19443382196728276,0.275717017208413,0
LP002842,0.0,1.0,1.0,0.0,0.04218518518518519,0.04199966400268798,0.26571428571428574,0.75,1.0,0.0,1.0,0.0,0.0,0.0,0.0,1.0,0.35197729178762655,0.27907876911167023,1
LP002847,0.0,1.0,1.0,0.0,0.06316049382716049,0.03482372141022872,0.2357142857142857,0.75,0.0,0.0,0.0,1.0,0.0,0.0,0.0,1.0,0.24567280848687884,0.21958276229633011,0
LP002855,0.0,1.0,1.0,0.0,0.2057530864197531,0.0,0.39285714285714285,0.75,1.0,0.0,0.0,1.0,0.0,0.0,0.0,1.0,0.1613397869248103,0.08652346093843753,1
LP002862,0.0,1.0,0.0,0.0,0.07561728395061729,0.03899968800249598,0.2671428571428571,1.0,1.0,0.0,0.0,1.0,0.0,0.0,1.0,0.0,0.23592831541218637,0.24808602150537634,0
LP002863,0.0,1.0,1.0,0.0,0.07908641975308642,0.0,0.21428571428571427,0.75,1.0,0.0,0.0,0.0,1.0,0.0,1.0,0.0,0.22895202414403162,0.22510146737433656,0
LP002868,0.0,1.0,1.0,0.0,0.039,0.01106391148870809,0.15428571428571428,0.175,1.0,0.0,0.0,1.0,0.0,0.0,0.0,1.0,0.2917127071823204,0.09294659300184163,1
LP002872,1.0,1.0,1.0,0.0,0.03811111111111111,0.053039575683394534,0.19428571428571428,0.75,0.0,1.0,0.0,0.0,0.0,0.0,1.0,0.0,0.2510435676378663,0.27222956390409664,0
LP002874,0.0,0.0,1.0,0.0,0.0398641975308642,0.06573547411620707,0.15714285714285714,0.75,1.0,1.0,0.0,0.0,0.0,0.0,0.0,1.0,0.1802204349121239,0.2416219839142091,1
LP002877,0.0,1.0,1.0,0.0,0.022,0.05356757145942832,0.15285714285714286,0.75,1.0,0.0,1.0,0.0,0.0,1.0,0.0,0.0,0.260643303991585,0.35924265072247136,1
LP002888,0.0,0.0,1.0,0.0,0.03928395061728395,0.07000743994048048,0.23,0.75,1.0,1.0,0.0,0.0,0.0,0.0,0.0,1.0,0.2581115301233353,0.23643220200032794,1
LP002892,0.0,1.0,1.0,0.0,0.08074074074074074,0.0,0.29285714285714287,0.75,1.0,0.0,0.0,1.0,0.0,0.0,1.0,0.0,0.30648997621474683,0.22048929663608563,1
LP002893,0.0,0.0,1.0,0.0,0.02266666666666667,0.8120815033479732,0.12857142857142856,0.75,1.0,1.0,0.0,0.0,0.0,0.0,0.0,1.0,0.02466851680542707,0.04042272867434754,0
LP002894,1.0,1.0,1.0,0.0,0.03908641975308642,0.0,0.05142857142857143,0.75,1.0,1.0,0.0,0.0,0.0,0.0,1.0,0.0,0.11118130132659507,0.4554643082754264,1
LP002898,0.0,1.0,1.0,0.0,0.023209876543209877,0.0,0.08714285714285715,0.75,1.0,0.0,1.0,0.0,0.0,1.0,0.0,0.0,0.31725768321513,0.7670212765957447,0
LP002911,0.0,1.0,1.0,0.0,0.03440740740740741,0.04600763193894449,0.20857142857142857,0.75,0.0,0.0,1.0,0.0,0.0,1.0,0.0,0.0,0.30347694633408917,0.30654761904761907,0
LP002912,0.0,1.0,1.0,0.0,0.052876543209876545,0.07199942400460796,0.24571428571428572,0.175,1.0,0.0,1.0,0.0,0.0,1.0,0.0,0.0,0.23091827238470106,0.046198910705295436,0
LP002916,0.0,1.0,1.0,0.0,0.028358024691358025,0.036527707778337776,0.14857142857142858,0.75,1.0,1.0,0.0,0.0,0.0,0.0,0.0,1.0,0.2662709842599866,0.3775857554333595,1
LP002917,1.0,0.0,0.0,0.0,0.026728395061728395,0.0,0.1,0.75,1.0,1.0,0.0,0.0,0.0,0.0,1.0,0.0,0.3161406209905055,0.6660508083140877,1
LP002925,0.0,0.0,1.0,0.0,0.05864197530864197,0.0,0.13428571428571429,0.75,1.0,1.0,0.0,0.0,0.0,0.0,1.0,0.0,0.1934970760233918,0.30357894736842106,1
LP002926,0.0,1.0,1.0,1.0,0.03365432098765432,0.0,0.15142857142857144,0.75,0.0,0.0,0.0,1.0,0.0,0.0,1.0,0.0,0.380207059590772,0.5289801907556859,0
LP002928,0.0,1.0,1.0,0.0,0.037037037037037035,0.08198334413324694,0.08,0.375,1.0,1.0,0.0,0.0,0.0,0.0,1.0,0.0,0.085342200055417,0.11237531172069826,1
LP002931,0.0,1.0,1.0,1.0,0.07407407407407407,0.0,0.29285714285714287,0.5,1.0,0.0,0.0,1.0,0.0,0.0,1.0,0.0,0.334074074074074,0.16022222222222224,0
LP002933,0.0,0.0,1.0,1.0,0.11551851851851852,0.0,0.41714285714285715,0.75,1.0,0.0,0.0,0.0,1.0,0.0,1.0,0.0,0.3051310367757947,0.15410922304157315,1
LP002936,0.0,1.0,1.0,0.0,0.047641975308641976,0.07919936640506876,0.20285714285714285,0.375,1.0,1.0,0.0,0.0,0.0,1.0,0.0,0.0,0.19394390898790953,0.10071238999860316,1
LP002938,0.0,1.0,1.0,1.0,0.19901234567901235,0.0,0.37142857142857144,0.75,1.0,1.0,0.0,0.0,0.0,0.0,0.0,1.0,0.15770609318996415,0.08945409429280397,1
LP002940,0.0,0.0,0.0,0.0,0.04732098765432099,0.0,0.15714285714285714,0.75,1.0,1.0,0.0,0.0,0.0,1.0,0.0,0.0,0.2806041105023625,0.3762066266631881,1
LP002941,0.0,1.0,0.0,1.0,0.07880246913580247,0.023999808001535988,0.2671428571428571,0.75,1.0,0.0,0.0,1.0,0.0,1.0,0.0,0.0,0.24765602660767227,0.19531355817418394,0
LP002943,0.0,0.0,1.0,0.0,0.036876543209876544,0.0,0.12571428571428572,0.75,0.0,0.0,0.0,1.0,0.0,0.0,1.0,0.0,0.28806308819700177,0.48275862068965514,0
LP002945,0.0,1.0,1.0,1.0,0.123,0.0,0.2571428571428571,0.75,1.0,1.0,0.0,0.0,0.0,1.0,0.0,0.0,0.1766536183880357,0.14473552142928836,1
LP002948,0.0,1.0,1.0,0.0,0.07135802469135802,0.0,0.2742857142857143,0.75,1.0,0.0,0.0,1.0,0.0,0.0,0.0,1.0,0.32479815455594,0.24948096885813148,1
LP002949,1.0,0.0,1.0,0.0,0.005135802469135802,1.0,0.5,0.375,0.0,0.0,0.0,0.0,1.0,0.0,0.0,1.0,0.08132077613816083,0.01713280897274434,0
LP002950,0.0,1.0,0.0,0.0,0.035728395061728396,0.06700746394028848,0.22142857142857142,0.75,1.0,1.0,0.0,0.0,0.0,1.0,0.0,0.0,0.2665416031578536,0.25360534646500177,1
LP002953,0.0,1.0,1.0,0.0,0.0704074074074074,0.0,0.18285714285714286,0.75,1.0,0.0,0.0,0.0,1.0,0.0,0.0,1.0,0.2194556471252947,0.25284937752060316,1
LP002958,0.0,0.0,1.0,0.0,0.04538271604938272,0.10322317421460628,0.24571428571428572,0.75,1.0,1.0,0.0,0.0,0.0,1.0,0.0,0.0,0.21082835373922248,0.1807697129246584,1
LP002959,1.0,1.0,1.0,0.0,0.14814814814814814,0.0,0.7085714285714285,0.75,1.0,0.0,1.0,0.0,0.0,0.0,1.0,0.0,0.40414814814814815,0.12016666666666666,1
LP002960,0.0,1.0,0.0,0.0,0.02962962962962963,0.09119927040583675,0.17285714285714285,0.375,1.0,1.0,0.0,0.0,0.0,0.0,0.0,1.0,0.19082437275985661,0.11629032258064517,0
LP002961,0.0,1.0,1.0,0.0,0.04197530864197531,0.05999952000383997,0.24714285714285714,0.75,1.0,0.0,1.0,0.0,0.0,0.0,1.0,0.0,0.28670433145009416,0.24440677966101695,1
LP002964,0.0,1.0,0.0,0.0,0.04922222222222222,0.03386372909016728,0.22428571428571428,0.75,1.0,0.0,0.0,1.0,0.0,1.0,0.0,0.0,0.2843851632291795,0.2671359762875139,1
LP002974,0.0,1.0,1.0,0.0,0.039901234567901234,0.04679962560299518,0.15428571428571428,0.75,1.0,1.0,0.0,0.0,0.0,1.0,0.0,0.0,0.20378232342724814,0.27827093786182944,1
LP002978,1.0,0.0,1.0,0.0,0.03580246913580247,0.0,0.10142857142857142,0.75,1.0,1.0,0.0,0.0,0.0,1.0,0.0,0.0,0.23938697318007662,0.49724137931034484,1
LP002979,0.0,1.0,1.0,0.0,0.05069135802469136,0.0,0.05714285714285714,0.375,1.0,0.0,0.0,0.0,1.0,1.0,0.0,0.0,0.09525355847810792,0.1755966877739893,1
LP002983,0.0,1.0,1.0,0.0,0.09965432098765432,0.005759953920368637,0.36142857142857143,0.75,1.0,0.0,1.0,0.0,0.0,0.0,0.0,1.0,0.29761522831782694,0.17348411934552455,1
LP002984,0.0,1.0,1.0,0.0,0.09361728395061729,0.0,0.2671428571428571,0.75,1.0,0.0,0.0,1.0,0.0,0.0,0.0,1.0,0.24112415197737627,0.19016220493208494,1
LP002990,1.0,0.0,1.0,1.0,0.05658024691358025,0.0,0.19,0.75,0.0,1.0,0.0,0.0,0.0,0.0,1.0,0.0,0.2837539699856959,0.31464106480471304,0
